CaseId,Title,Archetype,ArchetypeName,PrimaryStateOwner,Grains,DataContracts,Detectors,DetectionMode,AIRole
CASE-001,Spoofing,spoof_layer,Spoofing / layering / deceptive liquidity,OrderBookGrain,OrderBookGrain;ParticipantInstrumentGrain;TraderGrain;AccountGrain;RuleEvaluationWorkerGrain,OrderEvent;ExecutionEvent;BookSnapshot,Cancellation Ratio; Order Lifetime; Displayed-Size Anomaly; Multi-Level Depth Pressure; Opposite-Side Execution,Rules; AI not required,Not required for core detection.
CASE-002,Layering,spoof_layer,Spoofing / layering / deceptive liquidity,OrderBookGrain,OrderBookGrain;ParticipantInstrumentGrain;TraderGrain;AccountGrain;RuleEvaluationWorkerGrain,OrderEvent;ExecutionEvent;BookSnapshot,Cancellation Ratio; Order Lifetime; Displayed-Size Anomaly; Multi-Level Depth Pressure; Opposite-Side Execution,Rules; AI not required,Not required for core detection.
CASE-003,Wash Trading / Wash Sales,wash_matched,Wash / matched / self / circular trading,ParticipantInstrumentGrain,ParticipantInstrumentGrain;AccountGrain;BeneficialOwnerGrain;RelationshipGrain;CoordinationWindowGrain;RuleEvaluationWorkerGrain,ExecutionEvent;RelationshipEvent;AccountReference,Self / Related Beneficial Owner; Time / Price / Quantity Matching; Circular Transaction Graph; Related-Account Graph; Position Concentration,Rules; AI not required; ownership/reference data strongly improves detection,Optional later for unknown coordination clusters; not required for known-rule detection.
CASE-004,Matched Orders / Matched Trading,wash_matched,Wash / matched / self / circular trading,ParticipantInstrumentGrain,ParticipantInstrumentGrain;AccountGrain;BeneficialOwnerGrain;RelationshipGrain;CoordinationWindowGrain;RuleEvaluationWorkerGrain,ExecutionEvent;RelationshipEvent;AccountReference,Self / Related Beneficial Owner; Time / Price / Quantity Matching; Circular Transaction Graph,Rules; AI not required; ownership/reference data strongly improves detection,Optional later for unknown coordination clusters; not required for known-rule detection.
CASE-005,Prearranged Trading,wash_matched,Wash / matched / self / circular trading,ParticipantInstrumentGrain,ParticipantInstrumentGrain;AccountGrain;BeneficialOwnerGrain;RelationshipGrain;CoordinationWindowGrain;RuleEvaluationWorkerGrain,ExecutionEvent;RelationshipEvent;AccountReference,Self / Related Beneficial Owner; Time / Price / Quantity Matching; Circular Transaction Graph,Rules; AI not required; ownership/reference data strongly improves detection,Optional later for unknown coordination clusters; not required for known-rule detection.
CASE-006,Circular Trading,wash_matched,Wash / matched / self / circular trading,ParticipantInstrumentGrain,ParticipantInstrumentGrain;AccountGrain;BeneficialOwnerGrain;RelationshipGrain;CoordinationWindowGrain;RuleEvaluationWorkerGrain,ExecutionEvent;RelationshipEvent;AccountReference,Self / Related Beneficial Owner; Time / Price / Quantity Matching; Circular Transaction Graph; Related-Account Graph,Rules; AI not required; ownership/reference data strongly improves detection,Optional later for unknown coordination clusters; not required for known-rule detection.
CASE-007,Self-Trading,wash_matched,Wash / matched / self / circular trading,ParticipantInstrumentGrain,ParticipantInstrumentGrain;AccountGrain;BeneficialOwnerGrain;RelationshipGrain;CoordinationWindowGrain;RuleEvaluationWorkerGrain,ExecutionEvent;RelationshipEvent;AccountReference,Self / Related Beneficial Owner; Time / Price / Quantity Matching; Circular Transaction Graph; Related-Account Graph,Rules; AI not required; ownership/reference data strongly improves detection,Optional later for unknown coordination clusters; not required for known-rule detection.
CASE-008,Painting the Tape,coordination,Related-account / coordinated-group behavior,CoordinationWindowGrain,CoordinationWindowGrain;RelationshipGrain;AccountGrain;BeneficialOwnerGrain;ParticipantInstrumentGrain;RuleEvaluationWorkerGrain,ExecutionEvent;OrderEvent;RelationshipEvent;AccountReference,Price Impact; Volume Participation; Rapid Position Reversal,Rules + relationship/beneficial-owner data; AI/ML optional for unknown clusters,Optional later for discovering unknown clusters; known relationships remain deterministic.
CASE-009,Marking the Close,auction_close,Opening / closing / auction manipulation,AuctionGrain,AuctionGrain;OrderBookGrain;InstrumentGrain;ParticipantInstrumentGrain;RuleEvaluationWorkerGrain,AuctionEvent;OrderEvent;ExecutionEvent;MarketPhaseEvent,Auction Indicative-Price Impact; Price Impact; Volume Participation,Rules; AI not required,Not required.
CASE-010,Marking the Open,auction_close,Opening / closing / auction manipulation,AuctionGrain,AuctionGrain;OrderBookGrain;InstrumentGrain;ParticipantInstrumentGrain;RuleEvaluationWorkerGrain,AuctionEvent;OrderEvent;ExecutionEvent;MarketPhaseEvent,Auction Indicative-Price Impact; Price Impact; Volume Participation,Rules; AI not required,Not required.
CASE-011,Closing-Auction Manipulation,auction_close,Opening / closing / auction manipulation,AuctionGrain,AuctionGrain;OrderBookGrain;InstrumentGrain;ParticipantInstrumentGrain;RuleEvaluationWorkerGrain,AuctionEvent;OrderEvent;ExecutionEvent;MarketPhaseEvent,Auction Indicative-Price Impact; Price Impact; Volume Participation,Rules; AI not required,Not required.
CASE-012,Opening-Auction Manipulation,auction_close,Opening / closing / auction manipulation,AuctionGrain,AuctionGrain;OrderBookGrain;InstrumentGrain;ParticipantInstrumentGrain;RuleEvaluationWorkerGrain,AuctionEvent;OrderEvent;ExecutionEvent;MarketPhaseEvent,Auction Indicative-Price Impact; Price Impact; Volume Participation,Rules; AI not required,Not required.
CASE-013,Ramping,price_momentum,Price / momentum / tape manipulation,InstrumentGrain,InstrumentGrain;OrderBookGrain;ParticipantInstrumentGrain;PositionGrain;RuleEvaluationWorkerGrain,ExecutionEvent;OrderEvent;MarketStateEvent,Price Impact; Volume Participation; Rapid Position Reversal,Rules; external promotion data may enrich pump/rumor variants,Not required for core detection.
CASE-014,Price Ramping / Price Run-Up,price_momentum,Price / momentum / tape manipulation,InstrumentGrain,InstrumentGrain;OrderBookGrain;ParticipantInstrumentGrain;PositionGrain;RuleEvaluationWorkerGrain,ExecutionEvent;OrderEvent;MarketStateEvent,Price Impact; Volume Participation; Rapid Position Reversal,Rules; external promotion data may enrich pump/rumor variants,Not required for core detection.
CASE-015,Price Depressing,price_momentum,Price / momentum / tape manipulation,InstrumentGrain,InstrumentGrain;OrderBookGrain;ParticipantInstrumentGrain;PositionGrain;RuleEvaluationWorkerGrain,ExecutionEvent;OrderEvent;MarketStateEvent,Price Impact; Volume Participation; Rapid Position Reversal,Rules; external promotion data may enrich pump/rumor variants,Not required for core detection.
CASE-016,Momentum Ignition,price_momentum,Price / momentum / tape manipulation,InstrumentGrain,InstrumentGrain;OrderBookGrain;ParticipantInstrumentGrain;PositionGrain;RuleEvaluationWorkerGrain,ExecutionEvent;OrderEvent;MarketStateEvent,Price Impact; Volume Participation; Rapid Position Reversal; Order-Message Burst Rate; Order Lifetime,Rules; external promotion data may enrich pump/rumor variants,Not required for core detection.
CASE-017,Mini-Manipulation,cross_product,Cross-product / derivative / ETF / index manipulation,InstrumentRelationGrain,InstrumentRelationGrain;PositionGrain;InstrumentGrain;ParticipantInstrumentGrain;BenchmarkWindowGrain;RuleEvaluationWorkerGrain,ExecutionEvent;OrderEvent;PositionEvent;InstrumentRelationEvent;ReferencePriceEvent,Cross-Product Economic Benefit; Price Impact; Volume Participation,Rules; AI not required,Not required.
CASE-018,Odd-Lot Manipulation,book_pressure,Order-book pressure / quote manipulation,OrderBookGrain,OrderBookGrain;InstrumentGrain;ParticipantInstrumentGrain;RuleEvaluationWorkerGrain,OrderEvent;ExecutionEvent;BookSnapshot,Displayed-Size Anomaly; Multi-Level Depth Pressure; Price Impact; Liquidity Concentration; Benchmark-Window Participation,Rules; AI not required,Not required for core detection.
CASE-019,Reference-Price Gaming,benchmark,Benchmark / VWAP / TWAP / settlement reference abuse,BenchmarkWindowGrain,BenchmarkWindowGrain;InstrumentGrain;ParticipantInstrumentGrain;PositionGrain;InstrumentRelationGrain;RuleEvaluationWorkerGrain,ExecutionEvent;BenchmarkEvent;PositionEvent;ReferencePriceEvent,Benchmark-Window Participation; Price Impact; Volume Participation; Order-Message Burst Rate; Order Lifetime,Rules; AI not required,Not required.
CASE-020,Pegging Manipulation,book_pressure,Order-book pressure / quote manipulation,OrderBookGrain,OrderBookGrain;InstrumentGrain;ParticipantInstrumentGrain;RuleEvaluationWorkerGrain,OrderEvent;ExecutionEvent;BookSnapshot,Displayed-Size Anomaly; Multi-Level Depth Pressure; Price Impact; Liquidity Concentration,Rules; AI not required,Not required for core detection.
CASE-021,Price Capping,offering,IPO / offering / distribution / stabilization abuse,CorporateEventGrain,CorporateEventGrain;ParticipantInstrumentGrain;PositionGrain;InstrumentGrain;RuleEvaluationWorkerGrain,OfferingEvent;AllocationEvent;ExecutionEvent;OrderEvent;PositionEvent,Displayed-Size Anomaly; Multi-Level Depth Pressure; Price Impact; Liquidity Concentration; Volume Participation,Rules + offering/tender reference data; AI not required,Not required.
CASE-022,Price Flooring,price_momentum,Price / momentum / tape manipulation,InstrumentGrain,InstrumentGrain;OrderBookGrain;ParticipantInstrumentGrain;PositionGrain;RuleEvaluationWorkerGrain,ExecutionEvent;OrderEvent;MarketStateEvent,Price Impact; Volume Participation; Rapid Position Reversal,Rules; external promotion data may enrich pump/rumor variants,Not required for core detection.
CASE-023,Artificial Price Maintenance,price_momentum,Price / momentum / tape manipulation,InstrumentGrain,InstrumentGrain;OrderBookGrain;ParticipantInstrumentGrain;PositionGrain;RuleEvaluationWorkerGrain,ExecutionEvent;OrderEvent;MarketStateEvent,Price Impact; Volume Participation; Rapid Position Reversal,Rules; external promotion data may enrich pump/rumor variants,Not required for core detection.
CASE-024,Quote Stuffing,message_abuse,Message-rate / stuffing / burst abuse,ParticipantInstrumentGrain,ParticipantInstrumentGrain;OrderBookGrain;TraderGrain;RuleEvaluationWorkerGrain,OrderEvent;OrderAckEvent;MarketPhaseEvent,Displayed-Size Anomaly; Multi-Level Depth Pressure; Price Impact; Liquidity Concentration; Order-Message Burst Rate,Rules; AI not required,Not required.
CASE-025,Order Stuffing,message_abuse,Message-rate / stuffing / burst abuse,ParticipantInstrumentGrain,ParticipantInstrumentGrain;OrderBookGrain;TraderGrain;RuleEvaluationWorkerGrain,OrderEvent;OrderAckEvent;MarketPhaseEvent,Displayed-Size Anomaly; Multi-Level Depth Pressure; Price Impact; Liquidity Concentration; Order-Message Burst Rate,Rules; AI not required,Not required.
CASE-026,Excessive Order Cancellation Manipulation,message_abuse,Message-rate / stuffing / burst abuse,ParticipantInstrumentGrain,ParticipantInstrumentGrain;OrderBookGrain;TraderGrain;RuleEvaluationWorkerGrain,OrderEvent;OrderAckEvent;MarketPhaseEvent,Displayed-Size Anomaly; Multi-Level Depth Pressure; Price Impact; Liquidity Concentration,Rules; AI not required,Not required.
CASE-027,Flickering Orders,message_abuse,Message-rate / stuffing / burst abuse,ParticipantInstrumentGrain,ParticipantInstrumentGrain;OrderBookGrain;TraderGrain;RuleEvaluationWorkerGrain,OrderEvent;OrderAckEvent;MarketPhaseEvent,Displayed-Size Anomaly; Multi-Level Depth Pressure; Price Impact; Liquidity Concentration; Order-Message Burst Rate,Rules; AI not required,Not required.
CASE-028,Phantom Liquidity,spoof_layer,Spoofing / layering / deceptive liquidity,OrderBookGrain,OrderBookGrain;ParticipantInstrumentGrain;TraderGrain;AccountGrain;RuleEvaluationWorkerGrain,OrderEvent;ExecutionEvent;BookSnapshot,Cancellation Ratio; Order Lifetime; Displayed-Size Anomaly; Multi-Level Depth Pressure; Opposite-Side Execution,Rules; AI not required,Not required for core detection.
CASE-029,Liquidity Mirage,spoof_layer,Spoofing / layering / deceptive liquidity,OrderBookGrain,OrderBookGrain;ParticipantInstrumentGrain;TraderGrain;AccountGrain;RuleEvaluationWorkerGrain,OrderEvent;ExecutionEvent;BookSnapshot,Cancellation Ratio; Order Lifetime; Displayed-Size Anomaly; Multi-Level Depth Pressure; Opposite-Side Execution,Rules; AI not required,Not required for core detection.
CASE-030,Order-Book Imbalance Manipulation,book_pressure,Order-book pressure / quote manipulation,OrderBookGrain,OrderBookGrain;InstrumentGrain;ParticipantInstrumentGrain;RuleEvaluationWorkerGrain,OrderEvent;ExecutionEvent;BookSnapshot,Displayed-Size Anomaly; Multi-Level Depth Pressure; Price Impact; Liquidity Concentration,Rules; AI not required,Not required for core detection.
CASE-031,Dominant Bid Manipulation,book_pressure,Order-book pressure / quote manipulation,OrderBookGrain,OrderBookGrain;InstrumentGrain;ParticipantInstrumentGrain;RuleEvaluationWorkerGrain,OrderEvent;ExecutionEvent;BookSnapshot,Displayed-Size Anomaly; Multi-Level Depth Pressure; Price Impact; Liquidity Concentration,Rules; AI not required,Not required for core detection.
CASE-032,Dominant Offer Manipulation,book_pressure,Order-book pressure / quote manipulation,OrderBookGrain,OrderBookGrain;InstrumentGrain;ParticipantInstrumentGrain;RuleEvaluationWorkerGrain,OrderEvent;ExecutionEvent;BookSnapshot,Displayed-Size Anomaly; Multi-Level Depth Pressure; Price Impact; Liquidity Concentration,Rules; AI not required,Not required for core detection.
CASE-033,Bid-Ask Spread Manipulation,book_pressure,Order-book pressure / quote manipulation,OrderBookGrain,OrderBookGrain;InstrumentGrain;ParticipantInstrumentGrain;RuleEvaluationWorkerGrain,OrderEvent;ExecutionEvent;BookSnapshot,Displayed-Size Anomaly; Multi-Level Depth Pressure; Price Impact; Liquidity Concentration,Rules; AI not required,Not required for core detection.
CASE-034,Pinging / Liquidity Detection Abuse,probing_algo,Probing / algorithmic liquidity discovery abuse,OrderBookGrain,OrderBookGrain;ParticipantInstrumentGrain;InstrumentGrain;RuleEvaluationWorkerGrain,OrderEvent;ExecutionEvent;BookSnapshot,Order-Message Burst Rate; Order Lifetime; Cross-Venue Synchronization,Rules; AI/ML optional for adaptive algorithm patterns,Optional later for adaptive/novel algorithm patterns; core scenarios are rules.
CASE-035,Crossing Manipulation,wash_matched,Wash / matched / self / circular trading,ParticipantInstrumentGrain,ParticipantInstrumentGrain;AccountGrain;BeneficialOwnerGrain;RelationshipGrain;CoordinationWindowGrain;RuleEvaluationWorkerGrain,ExecutionEvent;RelationshipEvent;AccountReference,Self / Related Beneficial Owner; Time / Price / Quantity Matching; Circular Transaction Graph; Related-Account Graph,Rules; AI not required; ownership/reference data strongly improves detection,Optional later for unknown coordination clusters; not required for known-rule detection.
CASE-036,Collusive Trading,coordination,Related-account / coordinated-group behavior,CoordinationWindowGrain,CoordinationWindowGrain;RelationshipGrain;AccountGrain;BeneficialOwnerGrain;ParticipantInstrumentGrain;RuleEvaluationWorkerGrain,ExecutionEvent;OrderEvent;RelationshipEvent;AccountReference,Price Impact; Volume Participation; Rapid Position Reversal,Rules + relationship/beneficial-owner data; AI/ML optional for unknown clusters,Optional later for discovering unknown clusters; known relationships remain deterministic.
CASE-037,Related-Account Manipulation,coordination,Related-account / coordinated-group behavior,CoordinationWindowGrain,CoordinationWindowGrain;RelationshipGrain;AccountGrain;BeneficialOwnerGrain;ParticipantInstrumentGrain;RuleEvaluationWorkerGrain,ExecutionEvent;OrderEvent;RelationshipEvent;AccountReference,Self / Related Beneficial Owner; Related-Account Graph; Time / Price / Quantity Matching,Rules + relationship/beneficial-owner data; AI/ML optional for unknown clusters,Optional later for discovering unknown clusters; known relationships remain deterministic.
CASE-038,Nominee-Account Manipulation,coordination,Related-account / coordinated-group behavior,CoordinationWindowGrain,CoordinationWindowGrain;RelationshipGrain;AccountGrain;BeneficialOwnerGrain;ParticipantInstrumentGrain;RuleEvaluationWorkerGrain,ExecutionEvent;OrderEvent;RelationshipEvent;AccountReference,Self / Related Beneficial Owner; Related-Account Graph; Time / Price / Quantity Matching,Rules + relationship/beneficial-owner data; AI/ML optional for unknown clusters,Optional later for discovering unknown clusters; known relationships remain deterministic.
CASE-039,Trader–Investor Collusion,coordination,Related-account / coordinated-group behavior,CoordinationWindowGrain,CoordinationWindowGrain;RelationshipGrain;AccountGrain;BeneficialOwnerGrain;ParticipantInstrumentGrain;RuleEvaluationWorkerGrain,ExecutionEvent;OrderEvent;RelationshipEvent;AccountReference,Self / Related Beneficial Owner; Related-Account Graph; Time / Price / Quantity Matching,Rules + relationship/beneficial-owner data; AI/ML optional for unknown clusters,Optional later for discovering unknown clusters; known relationships remain deterministic.
CASE-040,Broker–Client Collusion,coordination,Related-account / coordinated-group behavior,CoordinationWindowGrain,CoordinationWindowGrain;RelationshipGrain;AccountGrain;BeneficialOwnerGrain;ParticipantInstrumentGrain;RuleEvaluationWorkerGrain,ExecutionEvent;OrderEvent;RelationshipEvent;AccountReference,Self / Related Beneficial Owner; Related-Account Graph; Time / Price / Quantity Matching,Rules + relationship/beneficial-owner data; AI/ML optional for unknown clusters,Optional later for discovering unknown clusters; known relationships remain deterministic.
CASE-041,Group / Syndicate Manipulation,communications,Promotion / rumor / communications-linked trading,ParticipantInstrumentGrain,ParticipantInstrumentGrain;PositionGrain;RelationshipGrain;CorporateEventGrain;RuleEvaluationWorkerGrain,ExecutionEvent;OrderEvent;PromotionSignal;NewsEvent;RelationshipEvent,Self / Related Beneficial Owner; Related-Account Graph; Time / Price / Quantity Matching; Volume Participation; Position Concentration,"Rules + external communications/news data; AI helpful for text meaning, not required for trade-pattern leg",Future AI is useful for text meaning and communications analysis. Trade-side detection remains deterministic.
CASE-042,Cross-Broker Manipulation,coordination,Related-account / coordinated-group behavior,CoordinationWindowGrain,CoordinationWindowGrain;RelationshipGrain;AccountGrain;BeneficialOwnerGrain;ParticipantInstrumentGrain;RuleEvaluationWorkerGrain,ExecutionEvent;OrderEvent;RelationshipEvent;AccountReference,Self / Related Beneficial Owner; Related-Account Graph; Time / Price / Quantity Matching; Cross-Venue Synchronization,Rules + relationship/beneficial-owner data; AI/ML optional for unknown clusters,Optional later for discovering unknown clusters; known relationships remain deterministic.
CASE-043,Cross-Venue Manipulation,coordination,Related-account / coordinated-group behavior,CoordinationWindowGrain,CoordinationWindowGrain;RelationshipGrain;AccountGrain;BeneficialOwnerGrain;ParticipantInstrumentGrain;RuleEvaluationWorkerGrain,ExecutionEvent;OrderEvent;RelationshipEvent;AccountReference,Cross-Venue Synchronization; Related-Account Graph; Time / Price / Quantity Matching,Rules + relationship/beneficial-owner data; AI/ML optional for unknown clusters,Optional later for discovering unknown clusters; known relationships remain deterministic.
CASE-044,Cross-Market Manipulation,coordination,Related-account / coordinated-group behavior,CoordinationWindowGrain,CoordinationWindowGrain;RelationshipGrain;AccountGrain;BeneficialOwnerGrain;ParticipantInstrumentGrain;RuleEvaluationWorkerGrain,ExecutionEvent;OrderEvent;RelationshipEvent;AccountReference,Cross-Venue Synchronization; Related-Account Graph; Time / Price / Quantity Matching,Rules + relationship/beneficial-owner data; AI/ML optional for unknown clusters,Optional later for discovering unknown clusters; known relationships remain deterministic.
CASE-045,Cross-Product Manipulation,cross_product,Cross-product / derivative / ETF / index manipulation,InstrumentRelationGrain,InstrumentRelationGrain;PositionGrain;InstrumentGrain;ParticipantInstrumentGrain;BenchmarkWindowGrain;RuleEvaluationWorkerGrain,ExecutionEvent;OrderEvent;PositionEvent;InstrumentRelationEvent;ReferencePriceEvent,Cross-Product Economic Benefit; Price Impact; Volume Participation,Rules; AI not required,Not required.
CASE-046,Underlying-vs-Derivative Manipulation,cross_product,Cross-product / derivative / ETF / index manipulation,InstrumentRelationGrain,InstrumentRelationGrain;PositionGrain;InstrumentGrain;ParticipantInstrumentGrain;BenchmarkWindowGrain;RuleEvaluationWorkerGrain,ExecutionEvent;OrderEvent;PositionEvent;InstrumentRelationEvent;ReferencePriceEvent,Cross-Product Economic Benefit; Price Impact; Volume Participation,Rules; AI not required,Not required.
CASE-047,Derivative-to-Stock Manipulation,cross_product,Cross-product / derivative / ETF / index manipulation,InstrumentRelationGrain,InstrumentRelationGrain;PositionGrain;InstrumentGrain;ParticipantInstrumentGrain;BenchmarkWindowGrain;RuleEvaluationWorkerGrain,ExecutionEvent;OrderEvent;PositionEvent;InstrumentRelationEvent;ReferencePriceEvent,Cross-Product Economic Benefit; Price Impact; Volume Participation,Rules; AI not required,Not required.
CASE-048,Pump and Dump,price_momentum,Price / momentum / tape manipulation,InstrumentGrain,InstrumentGrain;OrderBookGrain;ParticipantInstrumentGrain;PositionGrain;RuleEvaluationWorkerGrain,ExecutionEvent;OrderEvent;MarketStateEvent,Price Impact; Volume Participation; Rapid Position Reversal; Position Concentration; Related-Account Graph,Rules; external promotion data may enrich pump/rumor variants,Not required for core detection.
CASE-049,Ramp and Dump,communications,Promotion / rumor / communications-linked trading,ParticipantInstrumentGrain,ParticipantInstrumentGrain;PositionGrain;RelationshipGrain;CorporateEventGrain;RuleEvaluationWorkerGrain,ExecutionEvent;OrderEvent;PromotionSignal;NewsEvent;RelationshipEvent,Price Impact; Volume Participation; Rapid Position Reversal,"Rules + external communications/news data; AI helpful for text meaning, not required for trade-pattern leg",Future AI is useful for text meaning and communications analysis. Trade-side detection remains deterministic.
CASE-050,Short and Distort,communications,Promotion / rumor / communications-linked trading,ParticipantInstrumentGrain,ParticipantInstrumentGrain;PositionGrain;RelationshipGrain;CorporateEventGrain;RuleEvaluationWorkerGrain,ExecutionEvent;OrderEvent;PromotionSignal;NewsEvent;RelationshipEvent,Displayed-Size Anomaly; Multi-Level Depth Pressure; Price Impact; Liquidity Concentration; Volume Participation,"Rules + external communications/news data; AI helpful for text meaning, not required for trade-pattern leg",Future AI is useful for text meaning and communications analysis. Trade-side detection remains deterministic.
CASE-051,Trash and Cash,communications,Promotion / rumor / communications-linked trading,ParticipantInstrumentGrain,ParticipantInstrumentGrain;PositionGrain;RelationshipGrain;CorporateEventGrain;RuleEvaluationWorkerGrain,ExecutionEvent;OrderEvent;PromotionSignal;NewsEvent;RelationshipEvent,Displayed-Size Anomaly; Multi-Level Depth Pressure; Price Impact; Liquidity Concentration; Volume Participation,"Rules + external communications/news data; AI helpful for text meaning, not required for trade-pattern leg",Future AI is useful for text meaning and communications analysis. Trade-side detection remains deterministic.
CASE-052,Bear Raid,coordination,Related-account / coordinated-group behavior,CoordinationWindowGrain,CoordinationWindowGrain;RelationshipGrain;AccountGrain;BeneficialOwnerGrain;ParticipantInstrumentGrain;RuleEvaluationWorkerGrain,ExecutionEvent;OrderEvent;RelationshipEvent;AccountReference,Price Impact; Volume Participation; Rapid Position Reversal; Self / Related Beneficial Owner; Related-Account Graph,Rules + relationship/beneficial-owner data; AI/ML optional for unknown clusters,Optional later for discovering unknown clusters; known relationships remain deterministic.
CASE-053,Microcap / Penny-Stock Manipulation,price_momentum,Price / momentum / tape manipulation,InstrumentGrain,InstrumentGrain;OrderBookGrain;ParticipantInstrumentGrain;PositionGrain;RuleEvaluationWorkerGrain,ExecutionEvent;OrderEvent;MarketStateEvent,Volume Participation; Position Concentration; Related-Account Graph,Rules; external promotion data may enrich pump/rumor variants,Not required for core detection.
CASE-054,Low-Float Manipulation,position_flow,Corner / squeeze / concentration / inventory flow,PositionGrain,PositionGrain;InstrumentGrain;BeneficialOwnerGrain;ParticipantInstrumentGrain;RuleEvaluationWorkerGrain,PositionEvent;HoldingEvent;ExecutionEvent;FloatReferenceEvent;BorrowLocateEvent,Volume Participation; Position Concentration; Related-Account Graph,Rules + ownership/transfer/reference data; AI not required,Not required.
CASE-055,Pump-and-Dump Through Social Media,communications,Promotion / rumor / communications-linked trading,ParticipantInstrumentGrain,ParticipantInstrumentGrain;PositionGrain;RelationshipGrain;CorporateEventGrain;RuleEvaluationWorkerGrain,ExecutionEvent;OrderEvent;PromotionSignal;NewsEvent;RelationshipEvent,Price Impact; Volume Participation; Rapid Position Reversal,"Rules + external communications/news data; AI helpful for text meaning, not required for trade-pattern leg",Future AI is useful for text meaning and communications analysis. Trade-side detection remains deterministic.
CASE-056,Chat-Room Manipulation,communications,Promotion / rumor / communications-linked trading,ParticipantInstrumentGrain,ParticipantInstrumentGrain;PositionGrain;RelationshipGrain;CorporateEventGrain;RuleEvaluationWorkerGrain,ExecutionEvent;OrderEvent;PromotionSignal;NewsEvent;RelationshipEvent,Self / Related Beneficial Owner; Related-Account Graph; Time / Price / Quantity Matching,"Rules + external communications/news data; AI helpful for text meaning, not required for trade-pattern leg",Future AI is useful for text meaning and communications analysis. Trade-side detection remains deterministic.
CASE-057,Influencer Stock Manipulation,communications,Promotion / rumor / communications-linked trading,ParticipantInstrumentGrain,ParticipantInstrumentGrain;PositionGrain;RelationshipGrain;CorporateEventGrain;RuleEvaluationWorkerGrain,ExecutionEvent;OrderEvent;PromotionSignal;NewsEvent;RelationshipEvent,Volume Participation; Position Concentration; Related-Account Graph,"Rules + external communications/news data; AI helpful for text meaning, not required for trade-pattern leg",Future AI is useful for text meaning and communications analysis. Trade-side detection remains deterministic.
CASE-058,Scalping Scheme,communications,Promotion / rumor / communications-linked trading,ParticipantInstrumentGrain,ParticipantInstrumentGrain;PositionGrain;RelationshipGrain;CorporateEventGrain;RuleEvaluationWorkerGrain,ExecutionEvent;OrderEvent;PromotionSignal;NewsEvent;RelationshipEvent,Price Impact; Volume Participation; Rapid Position Reversal,"Rules + external communications/news data; AI helpful for text meaning, not required for trade-pattern leg",Future AI is useful for text meaning and communications analysis. Trade-side detection remains deterministic.
CASE-059,Undisclosed Touting,communications,Promotion / rumor / communications-linked trading,ParticipantInstrumentGrain,ParticipantInstrumentGrain;PositionGrain;RelationshipGrain;CorporateEventGrain;RuleEvaluationWorkerGrain,ExecutionEvent;OrderEvent;PromotionSignal;NewsEvent;RelationshipEvent,Auction Indicative-Price Impact; Price Impact; Volume Participation; Position Concentration; Related-Account Graph,"Rules + external communications/news data; AI helpful for text meaning, not required for trade-pattern leg",Future AI is useful for text meaning and communications analysis. Trade-side detection remains deterministic.
CASE-060,Insider Trading / Insider Dealing,insider,Insider dealing / MNPI-linked trading,CorporateEventGrain,CorporateEventGrain;RelationshipGrain;BeneficialOwnerGrain;ParticipantInstrumentGrain;PositionGrain;RuleEvaluationWorkerGrain,ExecutionEvent;CorporateEvent;InsiderRelationshipEvent;HoldingEvent,Pre-Event Abnormal Trading; Related-Account Graph,Rules + external/reference data; AI not required,Future NLP can enrich event/news understanding; deterministic trade-event correlation remains the core.
CASE-061,Insider Tipping,insider,Insider dealing / MNPI-linked trading,CorporateEventGrain,CorporateEventGrain;RelationshipGrain;BeneficialOwnerGrain;ParticipantInstrumentGrain;PositionGrain;RuleEvaluationWorkerGrain,ExecutionEvent;CorporateEvent;InsiderRelationshipEvent;HoldingEvent,Pre-Event Abnormal Trading; Related-Account Graph,Rules + external/reference data; AI not required,Future NLP can enrich event/news understanding; deterministic trade-event correlation remains the core.
CASE-062,Tippee Trading,insider,Insider dealing / MNPI-linked trading,CorporateEventGrain,CorporateEventGrain;RelationshipGrain;BeneficialOwnerGrain;ParticipantInstrumentGrain;PositionGrain;RuleEvaluationWorkerGrain,ExecutionEvent;CorporateEvent;InsiderRelationshipEvent;HoldingEvent,Auction Indicative-Price Impact; Price Impact; Volume Participation; Pre-Event Abnormal Trading; Related-Account Graph,Rules + external/reference data; AI not required,Future NLP can enrich event/news understanding; deterministic trade-event correlation remains the core.
CASE-063,Information Misappropriation,insider,Insider dealing / MNPI-linked trading,CorporateEventGrain,CorporateEventGrain;RelationshipGrain;BeneficialOwnerGrain;ParticipantInstrumentGrain;PositionGrain;RuleEvaluationWorkerGrain,ExecutionEvent;CorporateEvent;InsiderRelationshipEvent;HoldingEvent,Self / Related Beneficial Owner; Related-Account Graph; Time / Price / Quantity Matching,Rules + external/reference data; AI not required,Future NLP can enrich event/news understanding; deterministic trade-event correlation remains the core.
CASE-064,Trading Ahead,front_run,Front running / trading ahead / client-order misuse,ClientOrderWindowGrain,ClientOrderWindowGrain;ParticipantInstrumentGrain;TraderGrain;AccountGrain;RoutingQualityGrain;RuleEvaluationWorkerGrain,ClientOrderEvent;ExecutionEvent;OrderEvent;RoutingDecisionEvent,Pre-Event Abnormal Trading; Time / Price / Quantity Matching; Price Impact,Rules + customer/order-source data; AI not required,Not required.
CASE-065,Front Running,front_run,Front running / trading ahead / client-order misuse,ClientOrderWindowGrain,ClientOrderWindowGrain;ParticipantInstrumentGrain;TraderGrain;AccountGrain;RoutingQualityGrain;RuleEvaluationWorkerGrain,ClientOrderEvent;ExecutionEvent;OrderEvent;RoutingDecisionEvent,Pre-Event Abnormal Trading; Time / Price / Quantity Matching; Price Impact,Rules + customer/order-source data; AI not required,Not required.
CASE-066,Front Running Block Orders,front_run,Front running / trading ahead / client-order misuse,ClientOrderWindowGrain,ClientOrderWindowGrain;ParticipantInstrumentGrain;TraderGrain;AccountGrain;RoutingQualityGrain;RuleEvaluationWorkerGrain,ClientOrderEvent;ExecutionEvent;OrderEvent;RoutingDecisionEvent,Pre-Event Abnormal Trading; Time / Price / Quantity Matching; Price Impact,Rules + customer/order-source data; AI not required,Not required.
CASE-067,Front Running Research,communications,Promotion / rumor / communications-linked trading,ParticipantInstrumentGrain,ParticipantInstrumentGrain;PositionGrain;RelationshipGrain;CorporateEventGrain;RuleEvaluationWorkerGrain,ExecutionEvent;OrderEvent;PromotionSignal;NewsEvent;RelationshipEvent,Pre-Event Abnormal Trading; Time / Price / Quantity Matching; Price Impact; Trade-Report Timing / Accuracy,"Rules + external communications/news data; AI helpful for text meaning, not required for trade-pattern leg",Future AI is useful for text meaning and communications analysis. Trade-side detection remains deterministic.
CASE-068,Front Running Index Changes,front_run,Front running / trading ahead / client-order misuse,ClientOrderWindowGrain,ClientOrderWindowGrain;ParticipantInstrumentGrain;TraderGrain;AccountGrain;RoutingQualityGrain;RuleEvaluationWorkerGrain,ClientOrderEvent;ExecutionEvent;OrderEvent;RoutingDecisionEvent,Cross-Product Economic Benefit; Price Impact; Volume Participation; Pre-Event Abnormal Trading; Time / Price / Quantity Matching,Rules + customer/order-source data; AI not required,Not required.
CASE-069,Front Running Corporate Actions,front_run,Front running / trading ahead / client-order misuse,ClientOrderWindowGrain,ClientOrderWindowGrain;ParticipantInstrumentGrain;TraderGrain;AccountGrain;RoutingQualityGrain;RuleEvaluationWorkerGrain,ClientOrderEvent;ExecutionEvent;OrderEvent;RoutingDecisionEvent,Pre-Event Abnormal Trading; Time / Price / Quantity Matching; Price Impact; Benchmark-Window Participation,Rules + customer/order-source data; AI not required,Not required.
CASE-070,Misuse of Client Order Information,front_run,Front running / trading ahead / client-order misuse,ClientOrderWindowGrain,ClientOrderWindowGrain;ParticipantInstrumentGrain;TraderGrain;AccountGrain;RoutingQualityGrain;RuleEvaluationWorkerGrain,ClientOrderEvent;ExecutionEvent;OrderEvent;RoutingDecisionEvent,Pre-Event Abnormal Trading; Time / Price / Quantity Matching; Price Impact,Rules + customer/order-source data; AI not required,Not required.
CASE-071,Selective Disclosure Abuse,insider,Insider dealing / MNPI-linked trading,CorporateEventGrain,CorporateEventGrain;RelationshipGrain;BeneficialOwnerGrain;ParticipantInstrumentGrain;PositionGrain;RuleEvaluationWorkerGrain,ExecutionEvent;CorporateEvent;InsiderRelationshipEvent;HoldingEvent,Self / Related Beneficial Owner; Related-Account Graph; Time / Price / Quantity Matching,Rules + external/reference data; AI not required,Future NLP can enrich event/news understanding; deterministic trade-event correlation remains the core.
CASE-072,False-Rumor Manipulation,communications,Promotion / rumor / communications-linked trading,ParticipantInstrumentGrain,ParticipantInstrumentGrain;PositionGrain;RelationshipGrain;CorporateEventGrain;RuleEvaluationWorkerGrain,ExecutionEvent;OrderEvent;PromotionSignal;NewsEvent;RelationshipEvent,Self / Related Beneficial Owner; Related-Account Graph; Time / Price / Quantity Matching,"Rules + external communications/news data; AI helpful for text meaning, not required for trade-pattern leg",Future AI is useful for text meaning and communications analysis. Trade-side detection remains deterministic.
CASE-073,Misleading-News Manipulation,communications,Promotion / rumor / communications-linked trading,ParticipantInstrumentGrain,ParticipantInstrumentGrain;PositionGrain;RelationshipGrain;CorporateEventGrain;RuleEvaluationWorkerGrain,ExecutionEvent;OrderEvent;PromotionSignal;NewsEvent;RelationshipEvent,Price Impact; Volume Participation; Rapid Position Reversal,"Rules + external communications/news data; AI helpful for text meaning, not required for trade-pattern leg",Future AI is useful for text meaning and communications analysis. Trade-side detection remains deterministic.
CASE-074,Fake Press Release Fraud,communications,Promotion / rumor / communications-linked trading,ParticipantInstrumentGrain,ParticipantInstrumentGrain;PositionGrain;RelationshipGrain;CorporateEventGrain;RuleEvaluationWorkerGrain,ExecutionEvent;OrderEvent;PromotionSignal;NewsEvent;RelationshipEvent,Self / Related Beneficial Owner; Related-Account Graph; Time / Price / Quantity Matching,"Rules + external communications/news data; AI helpful for text meaning, not required for trade-pattern leg",Future AI is useful for text meaning and communications analysis. Trade-side detection remains deterministic.
CASE-075,False Social-Media Information,communications,Promotion / rumor / communications-linked trading,ParticipantInstrumentGrain,ParticipantInstrumentGrain;PositionGrain;RelationshipGrain;CorporateEventGrain;RuleEvaluationWorkerGrain,ExecutionEvent;OrderEvent;PromotionSignal;NewsEvent;RelationshipEvent,Displayed-Size Anomaly; Multi-Level Depth Pressure; Price Impact; Liquidity Concentration,"Rules + external communications/news data; AI helpful for text meaning, not required for trade-pattern leg",Future AI is useful for text meaning and communications analysis. Trade-side detection remains deterministic.
CASE-076,Misleading Analyst Research,communications,Promotion / rumor / communications-linked trading,ParticipantInstrumentGrain,ParticipantInstrumentGrain;PositionGrain;RelationshipGrain;CorporateEventGrain;RuleEvaluationWorkerGrain,ExecutionEvent;OrderEvent;PromotionSignal;NewsEvent;RelationshipEvent,Self / Related Beneficial Owner; Related-Account Graph; Time / Price / Quantity Matching,"Rules + external communications/news data; AI helpful for text meaning, not required for trade-pattern leg",Future AI is useful for text meaning and communications analysis. Trade-side detection remains deterministic.
CASE-077,Undisclosed Research Conflict,communications,Promotion / rumor / communications-linked trading,ParticipantInstrumentGrain,ParticipantInstrumentGrain;PositionGrain;RelationshipGrain;CorporateEventGrain;RuleEvaluationWorkerGrain,ExecutionEvent;OrderEvent;PromotionSignal;NewsEvent;RelationshipEvent,Auction Indicative-Price Impact; Price Impact; Volume Participation,"Rules + external communications/news data; AI helpful for text meaning, not required for trade-pattern leg",Future AI is useful for text meaning and communications analysis. Trade-side detection remains deterministic.
CASE-078,False Corporate Disclosure,communications,Promotion / rumor / communications-linked trading,ParticipantInstrumentGrain,ParticipantInstrumentGrain;PositionGrain;RelationshipGrain;CorporateEventGrain;RuleEvaluationWorkerGrain,ExecutionEvent;OrderEvent;PromotionSignal;NewsEvent;RelationshipEvent,Self / Related Beneficial Owner; Related-Account Graph; Time / Price / Quantity Matching,"Rules + external communications/news data; AI helpful for text meaning, not required for trade-pattern leg",Future AI is useful for text meaning and communications analysis. Trade-side detection remains deterministic.
CASE-079,Material-Omission Fraud,communications,Promotion / rumor / communications-linked trading,ParticipantInstrumentGrain,ParticipantInstrumentGrain;PositionGrain;RelationshipGrain;CorporateEventGrain;RuleEvaluationWorkerGrain,ExecutionEvent;OrderEvent;PromotionSignal;NewsEvent;RelationshipEvent,Self / Related Beneficial Owner; Related-Account Graph; Time / Price / Quantity Matching,"Rules + external communications/news data; AI helpful for text meaning, not required for trade-pattern leg",Future AI is useful for text meaning and communications analysis. Trade-side detection remains deterministic.
CASE-080,Delayed Material Disclosure Abuse,communications,Promotion / rumor / communications-linked trading,ParticipantInstrumentGrain,ParticipantInstrumentGrain;PositionGrain;RelationshipGrain;CorporateEventGrain;RuleEvaluationWorkerGrain,ExecutionEvent;OrderEvent;PromotionSignal;NewsEvent;RelationshipEvent,Auction Indicative-Price Impact; Price Impact; Volume Participation,"Rules + external communications/news data; AI helpful for text meaning, not required for trade-pattern leg",Future AI is useful for text meaning and communications analysis. Trade-side detection remains deterministic.
CASE-081,VWAP Manipulation,benchmark,Benchmark / VWAP / TWAP / settlement reference abuse,BenchmarkWindowGrain,BenchmarkWindowGrain;InstrumentGrain;ParticipantInstrumentGrain;PositionGrain;InstrumentRelationGrain;RuleEvaluationWorkerGrain,ExecutionEvent;BenchmarkEvent;PositionEvent;ReferencePriceEvent,Benchmark-Window Participation; Price Impact; Volume Participation,Rules; AI not required,Not required.
CASE-082,TWAP Manipulation,benchmark,Benchmark / VWAP / TWAP / settlement reference abuse,BenchmarkWindowGrain,BenchmarkWindowGrain;InstrumentGrain;ParticipantInstrumentGrain;PositionGrain;InstrumentRelationGrain;RuleEvaluationWorkerGrain,ExecutionEvent;BenchmarkEvent;PositionEvent;ReferencePriceEvent,Benchmark-Window Participation; Price Impact; Volume Participation,Rules; AI not required,Not required.
CASE-083,Settlement-Price Manipulation,benchmark,Benchmark / VWAP / TWAP / settlement reference abuse,BenchmarkWindowGrain,BenchmarkWindowGrain;InstrumentGrain;ParticipantInstrumentGrain;PositionGrain;InstrumentRelationGrain;RuleEvaluationWorkerGrain,ExecutionEvent;BenchmarkEvent;PositionEvent;ReferencePriceEvent,Price Impact; Volume Participation; Rapid Position Reversal; Benchmark-Window Participation,Rules; AI not required,Not required.
CASE-084,Index-Level Manipulation,cross_product,Cross-product / derivative / ETF / index manipulation,InstrumentRelationGrain,InstrumentRelationGrain;PositionGrain;InstrumentGrain;ParticipantInstrumentGrain;BenchmarkWindowGrain;RuleEvaluationWorkerGrain,ExecutionEvent;OrderEvent;PositionEvent;InstrumentRelationEvent;ReferencePriceEvent,Cross-Product Economic Benefit; Price Impact; Volume Participation,Rules; AI not required,Not required.
CASE-085,NAV Manipulation,benchmark,Benchmark / VWAP / TWAP / settlement reference abuse,BenchmarkWindowGrain,BenchmarkWindowGrain;InstrumentGrain;ParticipantInstrumentGrain;PositionGrain;InstrumentRelationGrain;RuleEvaluationWorkerGrain,ExecutionEvent;BenchmarkEvent;PositionEvent;ReferencePriceEvent,Benchmark-Window Participation; Price Impact; Volume Participation,Rules; AI not required,Not required.
CASE-086,Benchmark Manipulation,benchmark,Benchmark / VWAP / TWAP / settlement reference abuse,BenchmarkWindowGrain,BenchmarkWindowGrain;InstrumentGrain;ParticipantInstrumentGrain;PositionGrain;InstrumentRelationGrain;RuleEvaluationWorkerGrain,ExecutionEvent;BenchmarkEvent;PositionEvent;ReferencePriceEvent,Benchmark-Window Participation; Price Impact; Volume Participation,Rules; AI not required,Not required.
CASE-087,Reference-Rate Manipulation,benchmark,Benchmark / VWAP / TWAP / settlement reference abuse,BenchmarkWindowGrain,BenchmarkWindowGrain;InstrumentGrain;ParticipantInstrumentGrain;PositionGrain;InstrumentRelationGrain;RuleEvaluationWorkerGrain,ExecutionEvent;BenchmarkEvent;PositionEvent;ReferencePriceEvent,Self / Related Beneficial Owner; Related-Account Graph; Time / Price / Quantity Matching,Rules; AI not required,Not required.
CASE-088,Cornering the Market,position_flow,Corner / squeeze / concentration / inventory flow,PositionGrain,PositionGrain;InstrumentGrain;BeneficialOwnerGrain;ParticipantInstrumentGrain;RuleEvaluationWorkerGrain,PositionEvent;HoldingEvent;ExecutionEvent;FloatReferenceEvent;BorrowLocateEvent,Position Concentration; Liquidity Concentration; Price Impact,Rules + ownership/transfer/reference data; AI not required,Not required.
CASE-089,Market Squeeze,position_flow,Corner / squeeze / concentration / inventory flow,PositionGrain,PositionGrain;InstrumentGrain;BeneficialOwnerGrain;ParticipantInstrumentGrain;RuleEvaluationWorkerGrain,PositionEvent;HoldingEvent;ExecutionEvent;FloatReferenceEvent;BorrowLocateEvent,Position Concentration; Liquidity Concentration; Price Impact,Rules + ownership/transfer/reference data; AI not required,Not required.
CASE-090,Float Manipulation,position_flow,Corner / squeeze / concentration / inventory flow,PositionGrain,PositionGrain;InstrumentGrain;BeneficialOwnerGrain;ParticipantInstrumentGrain;RuleEvaluationWorkerGrain,PositionEvent;HoldingEvent;ExecutionEvent;FloatReferenceEvent;BorrowLocateEvent,Self / Related Beneficial Owner; Related-Account Graph; Time / Price / Quantity Matching,Rules + ownership/transfer/reference data; AI not required,Not required.
CASE-091,Beneficial-Ownership Concealment,coordination,Related-account / coordinated-group behavior,CoordinationWindowGrain,CoordinationWindowGrain;RelationshipGrain;AccountGrain;BeneficialOwnerGrain;ParticipantInstrumentGrain;RuleEvaluationWorkerGrain,ExecutionEvent;OrderEvent;RelationshipEvent;AccountReference,Related-Account Graph; Position Concentration,Rules + relationship/beneficial-owner data; AI/ML optional for unknown clusters,Optional later for discovering unknown clusters; known relationships remain deterministic.
CASE-092,Share Parking,coordination,Related-account / coordinated-group behavior,CoordinationWindowGrain,CoordinationWindowGrain;RelationshipGrain;AccountGrain;BeneficialOwnerGrain;ParticipantInstrumentGrain;RuleEvaluationWorkerGrain,ExecutionEvent;OrderEvent;RelationshipEvent;AccountReference,Related-Account Graph; Position Concentration,Rules + relationship/beneficial-owner data; AI/ML optional for unknown clusters,Optional later for discovering unknown clusters; known relationships remain deterministic.
CASE-093,Nominee Ownership Scheme,coordination,Related-account / coordinated-group behavior,CoordinationWindowGrain,CoordinationWindowGrain;RelationshipGrain;AccountGrain;BeneficialOwnerGrain;ParticipantInstrumentGrain;RuleEvaluationWorkerGrain,ExecutionEvent;OrderEvent;RelationshipEvent;AccountReference,Self / Related Beneficial Owner; Related-Account Graph; Time / Price / Quantity Matching,Rules + relationship/beneficial-owner data; AI/ML optional for unknown clusters,Optional later for discovering unknown clusters; known relationships remain deterministic.
CASE-094,Hidden Control of Multiple Accounts,coordination,Related-account / coordinated-group behavior,CoordinationWindowGrain,CoordinationWindowGrain;RelationshipGrain;AccountGrain;BeneficialOwnerGrain;ParticipantInstrumentGrain;RuleEvaluationWorkerGrain,ExecutionEvent;OrderEvent;RelationshipEvent;AccountReference,Self / Related Beneficial Owner; Related-Account Graph; Time / Price / Quantity Matching,Rules + relationship/beneficial-owner data; AI/ML optional for unknown clusters,Optional later for discovering unknown clusters; known relationships remain deterministic.
CASE-095,Manipulative Short Selling,short_settlement,Short sale / borrow / settlement abuse,ShortSettlementGrain,ShortSettlementGrain;PositionGrain;ParticipantInstrumentGrain;AccountGrain;RuleEvaluationWorkerGrain,ShortSaleEvent;BorrowLocateEvent;SettlementEvent;ExecutionEvent;PositionEvent,Self / Related Beneficial Owner; Related-Account Graph; Time / Price / Quantity Matching; Short / Borrow / Settlement Status; Position Concentration,Rules + borrow/locate/settlement data; AI not required,Not required.
CASE-096,Short-Sale Mismarking,short_settlement,Short sale / borrow / settlement abuse,ShortSettlementGrain,ShortSettlementGrain;PositionGrain;ParticipantInstrumentGrain;AccountGrain;RuleEvaluationWorkerGrain,ShortSaleEvent;BorrowLocateEvent;SettlementEvent;ExecutionEvent;PositionEvent,Short / Borrow / Settlement Status; Position Concentration,Rules + borrow/locate/settlement data; AI not required,Not required.
CASE-097,Locate / Borrow Misrepresentation,short_settlement,Short sale / borrow / settlement abuse,ShortSettlementGrain,ShortSettlementGrain;PositionGrain;ParticipantInstrumentGrain;AccountGrain;RuleEvaluationWorkerGrain,ShortSaleEvent;BorrowLocateEvent;SettlementEvent;ExecutionEvent;PositionEvent,Short / Borrow / Settlement Status; Position Concentration,Rules + borrow/locate/settlement data; AI not required,Not required.
CASE-098,Abusive Naked Short-Selling Scheme,short_settlement,Short sale / borrow / settlement abuse,ShortSettlementGrain,ShortSettlementGrain;PositionGrain;ParticipantInstrumentGrain;AccountGrain;RuleEvaluationWorkerGrain,ShortSaleEvent;BorrowLocateEvent;SettlementEvent;ExecutionEvent;PositionEvent,Short / Borrow / Settlement Status; Position Concentration,Rules + borrow/locate/settlement data; AI not required,Not required.
CASE-099,Churning,broker_conduct,Broker/customer trading conduct,AccountGrain,AccountGrain;TraderGrain;ClientOrderWindowGrain;PositionGrain;RuleEvaluationWorkerGrain,ClientOrderEvent;ExecutionEvent;AccountAuthorizationEvent;FeeEvent;PositionEvent,Price Impact; Volume Participation; Rapid Position Reversal,"Rules + account, fee, authorization and broker records; AI not required",Not required.
CASE-100,Unauthorized Trading,account_security,Account takeover / identity misuse,AccountSecurityGrain,AccountSecurityGrain;AccountGrain;ParticipantInstrumentGrain;PositionGrain;RuleEvaluationWorkerGrain,AccountSecurityEvent;LoginEvent;DeviceEvent;ExecutionEvent;TransferEvent,Price Impact; Volume Participation; Rapid Position Reversal,Rules + account-security/authentication data; AI optional,Optional later for behavioral anomaly scoring; rule detection can operate without it.
CASE-101,Misappropriation of Customer Assets,broker_conduct,Broker/customer trading conduct,AccountGrain,AccountGrain;TraderGrain;ClientOrderWindowGrain;PositionGrain;RuleEvaluationWorkerGrain,ClientOrderEvent;ExecutionEvent;AccountAuthorizationEvent;FeeEvent;PositionEvent,Self / Related Beneficial Owner; Related-Account Graph; Time / Price / Quantity Matching,"Rules + account, fee, authorization and broker records; AI not required",Not required.
CASE-102,Trade Allocation Fraud / Cherry Picking,short_settlement,Short sale / borrow / settlement abuse,ShortSettlementGrain,ShortSettlementGrain;PositionGrain;ParticipantInstrumentGrain;AccountGrain;RuleEvaluationWorkerGrain,ShortSaleEvent;BorrowLocateEvent;SettlementEvent;ExecutionEvent;PositionEvent,Volume Participation; Pre-Event Abnormal Trading; Price Impact; Time / Price / Quantity Matching; Trade-Report Timing / Accuracy,Rules + borrow/locate/settlement data; AI not required,Not required.
CASE-103,Best-Execution Manipulation,routing_venue,Routing / execution quality / ATS / venue conflict,RoutingQualityGrain,RoutingQualityGrain;ClientOrderWindowGrain;ParticipantInstrumentGrain;VenueGrain;RuleEvaluationWorkerGrain,ClientOrderEvent;RoutingDecisionEvent;ExecutionEvent;VenueFeeEvent;NBBOEvent,Self / Related Beneficial Owner; Related-Account Graph; Time / Price / Quantity Matching,Rules + routing/venue configuration and fee data; AI not required,Not required.
CASE-104,Interpositioning Abuse,routing_venue,Routing / execution quality / ATS / venue conflict,RoutingQualityGrain,RoutingQualityGrain;ClientOrderWindowGrain;ParticipantInstrumentGrain;VenueGrain;RuleEvaluationWorkerGrain,ClientOrderEvent;RoutingDecisionEvent;ExecutionEvent;VenueFeeEvent;NBBOEvent,Time / Price / Quantity Matching; Trade-Report Timing / Accuracy; Price Impact,Rules + routing/venue configuration and fee data; AI not required,Not required.
CASE-105,Excessive Markup / Markdown Fraud,broker_conduct,Broker/customer trading conduct,AccountGrain,AccountGrain;TraderGrain;ClientOrderWindowGrain;PositionGrain;RuleEvaluationWorkerGrain,ClientOrderEvent;ExecutionEvent;AccountAuthorizationEvent;FeeEvent;PositionEvent,Time / Price / Quantity Matching; Trade-Report Timing / Accuracy; Price Impact,"Rules + account, fee, authorization and broker records; AI not required",Not required.
CASE-106,Commission / Fee Manipulation,broker_conduct,Broker/customer trading conduct,AccountGrain,AccountGrain;TraderGrain;ClientOrderWindowGrain;PositionGrain;RuleEvaluationWorkerGrain,ClientOrderEvent;ExecutionEvent;AccountAuthorizationEvent;FeeEvent;PositionEvent,Self / Related Beneficial Owner; Related-Account Graph; Time / Price / Quantity Matching,"Rules + account, fee, authorization and broker records; AI not required",Not required.
CASE-107,Account-Takeover Trading,account_security,Account takeover / identity misuse,AccountSecurityGrain,AccountSecurityGrain;AccountGrain;ParticipantInstrumentGrain;PositionGrain;RuleEvaluationWorkerGrain,AccountSecurityEvent;LoginEvent;DeviceEvent;ExecutionEvent;TransferEvent,Price Impact; Volume Participation; Rapid Position Reversal,Rules + account-security/authentication data; AI optional,Optional later for behavioral anomaly scoring; rule detection can operate without it.
CASE-108,Synthetic-Identity Trading Accounts,account_security,Account takeover / identity misuse,AccountSecurityGrain,AccountSecurityGrain;AccountGrain;ParticipantInstrumentGrain;PositionGrain;RuleEvaluationWorkerGrain,AccountSecurityEvent;LoginEvent;DeviceEvent;ExecutionEvent;TransferEvent,Auction Indicative-Price Impact; Price Impact; Volume Participation,Rules + account-security/authentication data; AI optional,Optional later for behavioral anomaly scoring; rule detection can operate without it.
CASE-109,Stolen-Identity Brokerage Accounts,account_security,Account takeover / identity misuse,AccountSecurityGrain,AccountSecurityGrain;AccountGrain;ParticipantInstrumentGrain;PositionGrain;RuleEvaluationWorkerGrain,AccountSecurityEvent;LoginEvent;DeviceEvent;ExecutionEvent;TransferEvent,Auction Indicative-Price Impact; Price Impact; Volume Participation,Rules + account-security/authentication data; AI optional,Optional later for behavioral anomaly scoring; rule detection can operate without it.
CASE-110,Money-Mule Trading Accounts,account_security,Account takeover / identity misuse,AccountSecurityGrain,AccountSecurityGrain;AccountGrain;ParticipantInstrumentGrain;PositionGrain;RuleEvaluationWorkerGrain,AccountSecurityEvent;LoginEvent;DeviceEvent;ExecutionEvent;TransferEvent,Self / Related Beneficial Owner; Related-Account Graph; Time / Price / Quantity Matching,Rules + account-security/authentication data; AI optional,Optional later for behavioral anomaly scoring; rule detection can operate without it.
CASE-111,Dormant-Account Takeover,account_security,Account takeover / identity misuse,AccountSecurityGrain,AccountSecurityGrain;AccountGrain;ParticipantInstrumentGrain;PositionGrain;RuleEvaluationWorkerGrain,AccountSecurityEvent;LoginEvent;DeviceEvent;ExecutionEvent;TransferEvent,Related-Account Graph; Time / Price / Quantity Matching,Rules + account-security/authentication data; AI optional,Optional later for behavioral anomaly scoring; rule detection can operate without it.
CASE-112,IPO Allocation / Spinning Abuse,offering,IPO / offering / distribution / stabilization abuse,CorporateEventGrain,CorporateEventGrain;ParticipantInstrumentGrain;PositionGrain;InstrumentGrain;RuleEvaluationWorkerGrain,OfferingEvent;AllocationEvent;ExecutionEvent;OrderEvent;PositionEvent,Volume Participation; Pre-Event Abnormal Trading; Price Impact,Rules + offering/tender reference data; AI not required,Not required.
CASE-113,Trade-Reporting Manipulation,reporting,Trade reporting / publication / identifier manipulation,TradeReportingGrain,TradeReportingGrain;ParticipantInstrumentGrain;AccountGrain;RelationshipGrain;RuleEvaluationWorkerGrain,ExecutionEvent;TradeReportEvent;IdentifierEvent;MarketDataPublicationEvent,Trade-Report Timing / Accuracy; Time / Price / Quantity Matching,Rules; AI not required,Not required.
CASE-114,Delayed-Trade Reporting Abuse,reporting,Trade reporting / publication / identifier manipulation,TradeReportingGrain,TradeReportingGrain;ParticipantInstrumentGrain;AccountGrain;RelationshipGrain;RuleEvaluationWorkerGrain,ExecutionEvent;TradeReportEvent;IdentifierEvent;MarketDataPublicationEvent,Trade-Report Timing / Accuracy; Time / Price / Quantity Matching,Rules; AI not required,Not required.
CASE-115,False Price Reporting,reporting,Trade reporting / publication / identifier manipulation,TradeReportingGrain,TradeReportingGrain;ParticipantInstrumentGrain;AccountGrain;RelationshipGrain;RuleEvaluationWorkerGrain,ExecutionEvent;TradeReportEvent;IdentifierEvent;MarketDataPublicationEvent,Trade-Report Timing / Accuracy; Time / Price / Quantity Matching,Rules; AI not required,Not required.
CASE-116,False Volume Reporting,reporting,Trade reporting / publication / identifier manipulation,TradeReportingGrain,TradeReportingGrain;ParticipantInstrumentGrain;AccountGrain;RelationshipGrain;RuleEvaluationWorkerGrain,ExecutionEvent;TradeReportEvent;IdentifierEvent;MarketDataPublicationEvent,Price Impact; Volume Participation; Rapid Position Reversal; Trade-Report Timing / Accuracy; Time / Price / Quantity Matching,Rules; AI not required,Not required.
CASE-117,Order-Identity Concealment,coordination,Related-account / coordinated-group behavior,CoordinationWindowGrain,CoordinationWindowGrain;RelationshipGrain;AccountGrain;BeneficialOwnerGrain;ParticipantInstrumentGrain;RuleEvaluationWorkerGrain,ExecutionEvent;OrderEvent;RelationshipEvent;AccountReference,Trade-Report Timing / Accuracy; Time / Price / Quantity Matching,Rules + relationship/beneficial-owner data; AI/ML optional for unknown clusters,Optional later for discovering unknown clusters; known relationships remain deterministic.
CASE-118,Order Splitting to Evade Surveillance,evasion,Threshold / identity / surveillance-evasion behavior,RelationshipGrain,RelationshipGrain;AccountGrain;TraderGrain;ParticipantInstrumentGrain;CoordinationWindowGrain;RuleEvaluationWorkerGrain,OrderEvent;ExecutionEvent;IdentifierEvent;RelationshipEvent,Related-Account Graph; Position Concentration,Rules + identity/relationship resolution; AI not required,Not required; entity-resolution AI could enrich later.
CASE-119,Multi-Account Threshold Evasion,coordination,Related-account / coordinated-group behavior,CoordinationWindowGrain,CoordinationWindowGrain;RelationshipGrain;AccountGrain;BeneficialOwnerGrain;ParticipantInstrumentGrain;RuleEvaluationWorkerGrain,ExecutionEvent;OrderEvent;RelationshipEvent;AccountReference,Related-Account Graph; Position Concentration,Rules + relationship/beneficial-owner data; AI/ML optional for unknown clusters,Optional later for discovering unknown clusters; known relationships remain deterministic.
CASE-120,Broker-Hopping / Venue-Hopping Evasion,evasion,Threshold / identity / surveillance-evasion behavior,RelationshipGrain,RelationshipGrain;AccountGrain;TraderGrain;ParticipantInstrumentGrain;CoordinationWindowGrain;RuleEvaluationWorkerGrain,OrderEvent;ExecutionEvent;IdentifierEvent;RelationshipEvent,Related-Account Graph; Position Concentration,Rules + identity/relationship resolution; AI not required,Not required; entity-resolution AI could enrich later.
CASE-121,Coordinated Timing Evasion,coordination,Related-account / coordinated-group behavior,CoordinationWindowGrain,CoordinationWindowGrain;RelationshipGrain;AccountGrain;BeneficialOwnerGrain;ParticipantInstrumentGrain;RuleEvaluationWorkerGrain,ExecutionEvent;OrderEvent;RelationshipEvent;AccountReference,Self / Related Beneficial Owner; Related-Account Graph; Time / Price / Quantity Matching; Position Concentration,Rules + relationship/beneficial-owner data; AI/ML optional for unknown clusters,Optional later for discovering unknown clusters; known relationships remain deterministic.
CASE-122,Beneficial-Owner Evasion,coordination,Related-account / coordinated-group behavior,CoordinationWindowGrain,CoordinationWindowGrain;RelationshipGrain;AccountGrain;BeneficialOwnerGrain;ParticipantInstrumentGrain;RuleEvaluationWorkerGrain,ExecutionEvent;OrderEvent;RelationshipEvent;AccountReference,Self / Related Beneficial Owner; Related-Account Graph; Time / Price / Quantity Matching; Position Concentration,Rules + relationship/beneficial-owner data; AI/ML optional for unknown clusters,Optional later for discovering unknown clusters; known relationships remain deterministic.
CASE-123,Spoof-and-Trade,spoof_layer,Spoofing / layering / deceptive liquidity,OrderBookGrain,OrderBookGrain;ParticipantInstrumentGrain;TraderGrain;AccountGrain;RuleEvaluationWorkerGrain,OrderEvent;ExecutionEvent;BookSnapshot,Cancellation Ratio; Order Lifetime; Displayed-Size Anomaly; Multi-Level Depth Pressure; Opposite-Side Execution,Rules; AI not required,Not required for core detection.
CASE-124,Layer-and-Trade,spoof_layer,Spoofing / layering / deceptive liquidity,OrderBookGrain,OrderBookGrain;ParticipantInstrumentGrain;TraderGrain;AccountGrain;RuleEvaluationWorkerGrain,OrderEvent;ExecutionEvent;BookSnapshot,Cancellation Ratio; Order Lifetime; Displayed-Size Anomaly; Multi-Level Depth Pressure; Opposite-Side Execution,Rules; AI not required,Not required for core detection.
CASE-125,Pump + Wash Trading,communications,Promotion / rumor / communications-linked trading,ParticipantInstrumentGrain,ParticipantInstrumentGrain;PositionGrain;RelationshipGrain;CorporateEventGrain;RuleEvaluationWorkerGrain,ExecutionEvent;OrderEvent;PromotionSignal;NewsEvent;RelationshipEvent,Self / Related Beneficial Owner; Time / Price / Quantity Matching; Circular Transaction Graph; Price Impact; Volume Participation,"Rules + external communications/news data; AI helpful for text meaning, not required for trade-pattern leg",Future AI is useful for text meaning and communications analysis. Trade-side detection remains deterministic.
CASE-126,Pump + Matched Orders,wash_matched,Wash / matched / self / circular trading,ParticipantInstrumentGrain,ParticipantInstrumentGrain;AccountGrain;BeneficialOwnerGrain;RelationshipGrain;CoordinationWindowGrain;RuleEvaluationWorkerGrain,ExecutionEvent;RelationshipEvent;AccountReference,Self / Related Beneficial Owner; Time / Price / Quantity Matching; Circular Transaction Graph; Price Impact; Volume Participation,Rules; AI not required; ownership/reference data strongly improves detection,Optional later for unknown coordination clusters; not required for known-rule detection.
CASE-127,Insider Trading + Market Manipulation,insider,Insider dealing / MNPI-linked trading,CorporateEventGrain,CorporateEventGrain;RelationshipGrain;BeneficialOwnerGrain;ParticipantInstrumentGrain;PositionGrain;RuleEvaluationWorkerGrain,ExecutionEvent;CorporateEvent;InsiderRelationshipEvent;HoldingEvent,Pre-Event Abnormal Trading; Related-Account Graph,Rules + external/reference data; AI not required,Future NLP can enrich event/news understanding; deterministic trade-event correlation remains the core.
CASE-128,Rumor + Trading Manipulation,communications,Promotion / rumor / communications-linked trading,ParticipantInstrumentGrain,ParticipantInstrumentGrain;PositionGrain;RelationshipGrain;CorporateEventGrain;RuleEvaluationWorkerGrain,ExecutionEvent;OrderEvent;PromotionSignal;NewsEvent;RelationshipEvent,Displayed-Size Anomaly; Multi-Level Depth Pressure; Price Impact; Liquidity Concentration,"Rules + external communications/news data; AI helpful for text meaning, not required for trade-pattern leg",Future AI is useful for text meaning and communications analysis. Trade-side detection remains deterministic.
CASE-129,Cross-Product Spoofing,spoof_layer,Spoofing / layering / deceptive liquidity,OrderBookGrain,OrderBookGrain;ParticipantInstrumentGrain;TraderGrain;AccountGrain;RuleEvaluationWorkerGrain,OrderEvent;ExecutionEvent;BookSnapshot,Cancellation Ratio; Order Lifetime; Displayed-Size Anomaly; Multi-Level Depth Pressure; Opposite-Side Execution,Rules; AI not required,Not required for core detection.
CASE-130,Closing-Price + Derivative Manipulation,auction_close,Opening / closing / auction manipulation,AuctionGrain,AuctionGrain;OrderBookGrain;InstrumentGrain;ParticipantInstrumentGrain;RuleEvaluationWorkerGrain,AuctionEvent;OrderEvent;ExecutionEvent;MarketPhaseEvent,Auction Indicative-Price Impact; Price Impact; Volume Participation; Cross-Product Economic Benefit,Rules; AI not required,Not required.
CASE-131,Portfolio / Basket Manipulation,cross_product,Cross-product / derivative / ETF / index manipulation,InstrumentRelationGrain,InstrumentRelationGrain;PositionGrain;InstrumentGrain;ParticipantInstrumentGrain;BenchmarkWindowGrain;RuleEvaluationWorkerGrain,ExecutionEvent;OrderEvent;PositionEvent;InstrumentRelationEvent;ReferencePriceEvent,Cross-Product Economic Benefit; Price Impact; Volume Participation,Rules; AI not required,Not required.
CASE-132,Coordinated Multi-Security Manipulation,cross_product,Cross-product / derivative / ETF / index manipulation,InstrumentRelationGrain,InstrumentRelationGrain;PositionGrain;InstrumentGrain;ParticipantInstrumentGrain;BenchmarkWindowGrain;RuleEvaluationWorkerGrain,ExecutionEvent;OrderEvent;PositionEvent;InstrumentRelationEvent;ReferencePriceEvent,Self / Related Beneficial Owner; Related-Account Graph; Time / Price / Quantity Matching,Rules; AI not required,Not required.
CASE-133,Event-Driven Manipulation,offering,IPO / offering / distribution / stabilization abuse,CorporateEventGrain,CorporateEventGrain;ParticipantInstrumentGrain;PositionGrain;InstrumentGrain;RuleEvaluationWorkerGrain,OfferingEvent;AllocationEvent;ExecutionEvent;OrderEvent;PositionEvent,Cross-Product Economic Benefit; Price Impact; Volume Participation; Pre-Event Abnormal Trading; Benchmark-Window Participation,Rules + offering/tender reference data; AI not required,Not required.
CASE-134,Smoking,book_pressure,Order-book pressure / quote manipulation,OrderBookGrain,OrderBookGrain;InstrumentGrain;ParticipantInstrumentGrain;RuleEvaluationWorkerGrain,OrderEvent;ExecutionEvent;BookSnapshot,Displayed-Size Anomaly; Multi-Level Depth Pressure; Price Impact; Liquidity Concentration,Rules; AI not required,Not required for core detection.
CASE-135,Phishing / Order-Book Phishing,probing_algo,Probing / algorithmic liquidity discovery abuse,OrderBookGrain,OrderBookGrain;ParticipantInstrumentGrain;InstrumentGrain;RuleEvaluationWorkerGrain,OrderEvent;ExecutionEvent;BookSnapshot,Displayed-Size Anomaly; Multi-Level Depth Pressure; Price Impact; Liquidity Concentration,Rules; AI/ML optional for adaptive algorithm patterns,Optional later for adaptive/novel algorithm patterns; core scenarios are rules.
CASE-136,Flying,book_pressure,Order-book pressure / quote manipulation,OrderBookGrain,OrderBookGrain;InstrumentGrain;ParticipantInstrumentGrain;RuleEvaluationWorkerGrain,OrderEvent;ExecutionEvent;BookSnapshot,Displayed-Size Anomaly; Multi-Level Depth Pressure; Price Impact; Liquidity Concentration,Rules; AI not required,Not required for core detection.
CASE-137,Printing,reporting,Trade reporting / publication / identifier manipulation,TradeReportingGrain,TradeReportingGrain;ParticipantInstrumentGrain;AccountGrain;RelationshipGrain;RuleEvaluationWorkerGrain,ExecutionEvent;TradeReportEvent;IdentifierEvent;MarketDataPublicationEvent,Price Impact; Volume Participation; Rapid Position Reversal,Rules; AI not required,Not required.
CASE-138,Trading-Safeguard Bypass Manipulation,evasion,Threshold / identity / surveillance-evasion behavior,RelationshipGrain,RelationshipGrain;AccountGrain;TraderGrain;ParticipantInstrumentGrain;CoordinationWindowGrain;RuleEvaluationWorkerGrain,OrderEvent;ExecutionEvent;IdentifierEvent;RelationshipEvent,Displayed-Size Anomaly; Multi-Level Depth Pressure; Price Impact; Liquidity Concentration,Rules + identity/relationship resolution; AI not required,Not required; entity-resolution AI could enrich later.
CASE-139,Illiquid Price-Setting Manipulation,price_momentum,Price / momentum / tape manipulation,InstrumentGrain,InstrumentGrain;OrderBookGrain;ParticipantInstrumentGrain;PositionGrain;RuleEvaluationWorkerGrain,ExecutionEvent;OrderEvent;MarketStateEvent,Price Impact; Volume Participation; Rapid Position Reversal,Rules; external promotion data may enrich pump/rumor variants,Not required for core detection.
CASE-140,Short-Window Price Spike-and-Reversal Manipulation,price_momentum,Price / momentum / tape manipulation,InstrumentGrain,InstrumentGrain;OrderBookGrain;ParticipantInstrumentGrain;PositionGrain;RuleEvaluationWorkerGrain,ExecutionEvent;OrderEvent;MarketStateEvent,Price Impact; Volume Participation; Rapid Position Reversal,Rules; external promotion data may enrich pump/rumor variants,Not required for core detection.
CASE-141,Rapid Position-Reversal Manipulation,price_momentum,Price / momentum / tape manipulation,InstrumentGrain,InstrumentGrain;OrderBookGrain;ParticipantInstrumentGrain;PositionGrain;RuleEvaluationWorkerGrain,ExecutionEvent;OrderEvent;MarketStateEvent,Price Impact; Volume Participation; Rapid Position Reversal,Rules; external promotion data may enrich pump/rumor variants,Not required for core detection.
CASE-142,Portfolio Pumping,auction_close,Opening / closing / auction manipulation,AuctionGrain,AuctionGrain;OrderBookGrain;InstrumentGrain;ParticipantInstrumentGrain;RuleEvaluationWorkerGrain,AuctionEvent;OrderEvent;ExecutionEvent;MarketPhaseEvent,Auction Indicative-Price Impact; Price Impact; Volume Participation; Rapid Position Reversal,Rules; AI not required,Not required.
CASE-143,Window Dressing,auction_close,Opening / closing / auction manipulation,AuctionGrain,AuctionGrain;OrderBookGrain;InstrumentGrain;ParticipantInstrumentGrain;RuleEvaluationWorkerGrain,AuctionEvent;OrderEvent;ExecutionEvent;MarketPhaseEvent,Auction Indicative-Price Impact; Price Impact; Volume Participation,Rules; AI not required,Not required.
CASE-144,Advancing the Bid,price_momentum,Price / momentum / tape manipulation,InstrumentGrain,InstrumentGrain;OrderBookGrain;ParticipantInstrumentGrain;PositionGrain;RuleEvaluationWorkerGrain,ExecutionEvent;OrderEvent;MarketStateEvent,Displayed-Size Anomaly; Multi-Level Depth Pressure; Price Impact; Liquidity Concentration,Rules; external promotion data may enrich pump/rumor variants,Not required for core detection.
CASE-145,Cash-Account Free-Riding,broker_conduct,Broker/customer trading conduct,AccountGrain,AccountGrain;TraderGrain;ClientOrderWindowGrain;PositionGrain;RuleEvaluationWorkerGrain,ClientOrderEvent;ExecutionEvent;AccountAuthorizationEvent;FeeEvent;PositionEvent,Self / Related Beneficial Owner; Related-Account Graph; Time / Price / Quantity Matching,"Rules + account, fee, authorization and broker records; AI not required",Not required.
CASE-146,Restricted-Stock Loan Default Scheme,insider,Insider dealing / MNPI-linked trading,CorporateEventGrain,CorporateEventGrain;RelationshipGrain;BeneficialOwnerGrain;ParticipantInstrumentGrain;PositionGrain;RuleEvaluationWorkerGrain,ExecutionEvent;CorporateEvent;InsiderRelationshipEvent;HoldingEvent,Pre-Event Abnormal Trading; Related-Account Graph; Short / Borrow / Settlement Status; Position Concentration; Liquidity Concentration,Rules + external/reference data; AI not required,Future NLP can enrich event/news understanding; deterministic trade-event correlation remains the core.
CASE-147,Restrictive-Legend Removal Abuse,position_flow,Corner / squeeze / concentration / inventory flow,PositionGrain,PositionGrain;InstrumentGrain;BeneficialOwnerGrain;ParticipantInstrumentGrain;RuleEvaluationWorkerGrain,PositionEvent;HoldingEvent;ExecutionEvent;FloatReferenceEvent;BorrowLocateEvent,Self / Related Beneficial Owner; Related-Account Graph; Time / Price / Quantity Matching,Rules + ownership/transfer/reference data; AI not required,Not required.
CASE-148,Dormant Shell Hijacking,communications,Promotion / rumor / communications-linked trading,ParticipantInstrumentGrain,ParticipantInstrumentGrain;PositionGrain;RelationshipGrain;CorporateEventGrain;RuleEvaluationWorkerGrain,ExecutionEvent;OrderEvent;PromotionSignal;NewsEvent;RelationshipEvent,Volume Participation; Position Concentration; Related-Account Graph,"Rules + external communications/news data; AI helpful for text meaning, not required for trade-pattern leg",Future AI is useful for text meaning and communications analysis. Trade-side detection remains deterministic.
CASE-149,Reverse/Forward Split Share-Concentration Scheme,coordination,Related-account / coordinated-group behavior,CoordinationWindowGrain,CoordinationWindowGrain;RelationshipGrain;AccountGrain;BeneficialOwnerGrain;ParticipantInstrumentGrain;RuleEvaluationWorkerGrain,ExecutionEvent;OrderEvent;RelationshipEvent;AccountReference,Self / Related Beneficial Owner; Related-Account Graph; Time / Price / Quantity Matching,Rules + relationship/beneficial-owner data; AI/ML optional for unknown clusters,Optional later for discovering unknown clusters; known relationships remain deterministic.
CASE-150,Trend-Hijacking Issuer Promotion,communications,Promotion / rumor / communications-linked trading,ParticipantInstrumentGrain,ParticipantInstrumentGrain;PositionGrain;RelationshipGrain;CorporateEventGrain;RuleEvaluationWorkerGrain,ExecutionEvent;OrderEvent;PromotionSignal;NewsEvent;RelationshipEvent,Volume Participation; Position Concentration; Related-Account Graph,"Rules + external communications/news data; AI helpful for text meaning, not required for trade-pattern leg",Future AI is useful for text meaning and communications analysis. Trade-side detection remains deterministic.
CASE-151,Unsupported Partnership / Joint-Venture Promotion,communications,Promotion / rumor / communications-linked trading,ParticipantInstrumentGrain,ParticipantInstrumentGrain;PositionGrain;RelationshipGrain;CorporateEventGrain;RuleEvaluationWorkerGrain,ExecutionEvent;OrderEvent;PromotionSignal;NewsEvent;RelationshipEvent,Volume Participation; Position Concentration; Related-Account Graph,"Rules + external communications/news data; AI helpful for text meaning, not required for trade-pattern leg",Future AI is useful for text meaning and communications analysis. Trade-side detection remains deterministic.
CASE-152,Dormancy-Reactivation Promotion Scheme,communications,Promotion / rumor / communications-linked trading,ParticipantInstrumentGrain,ParticipantInstrumentGrain;PositionGrain;RelationshipGrain;CorporateEventGrain;RuleEvaluationWorkerGrain,ExecutionEvent;OrderEvent;PromotionSignal;NewsEvent;RelationshipEvent,Volume Participation; Position Concentration; Related-Account Graph,"Rules + external communications/news data; AI helpful for text meaning, not required for trade-pattern leg",Future AI is useful for text meaning and communications analysis. Trade-side detection remains deterministic.
CASE-153,Small-Purchase Price Support for Large Inventory,price_momentum,Price / momentum / tape manipulation,InstrumentGrain,InstrumentGrain;OrderBookGrain;ParticipantInstrumentGrain;PositionGrain;RuleEvaluationWorkerGrain,ExecutionEvent;OrderEvent;MarketStateEvent,Displayed-Size Anomaly; Multi-Level Depth Pressure; Price Impact; Liquidity Concentration; Volume Participation,Rules; external promotion data may enrich pump/rumor variants,Not required for core detection.
CASE-154,Deposit–Sell–Wire-Out Scheme,position_flow,Corner / squeeze / concentration / inventory flow,PositionGrain,PositionGrain;InstrumentGrain;BeneficialOwnerGrain;ParticipantInstrumentGrain;RuleEvaluationWorkerGrain,PositionEvent;HoldingEvent;ExecutionEvent;FloatReferenceEvent;BorrowLocateEvent,Volume Participation; Position Concentration; Related-Account Graph,Rules + ownership/transfer/reference data; AI not required,Not required.
CASE-155,Coordinated Same-Issuer Deposit-and-Liquidation,coordination,Related-account / coordinated-group behavior,CoordinationWindowGrain,CoordinationWindowGrain;RelationshipGrain;AccountGrain;BeneficialOwnerGrain;ParticipantInstrumentGrain;RuleEvaluationWorkerGrain,ExecutionEvent;OrderEvent;RelationshipEvent;AccountReference,Auction Indicative-Price Impact; Price Impact; Volume Participation; Self / Related Beneficial Owner; Related-Account Graph,Rules + relationship/beneficial-owner data; AI/ML optional for unknown clusters,Optional later for discovering unknown clusters; known relationships remain deterministic.
CASE-156,Omnibus-Account Liquidation Abuse,coordination,Related-account / coordinated-group behavior,CoordinationWindowGrain,CoordinationWindowGrain;RelationshipGrain;AccountGrain;BeneficialOwnerGrain;ParticipantInstrumentGrain;RuleEvaluationWorkerGrain,ExecutionEvent;OrderEvent;RelationshipEvent;AccountReference,Cross-Product Economic Benefit; Price Impact; Volume Participation,Rules + relationship/beneficial-owner data; AI/ML optional for unknown clusters,Optional later for discovering unknown clusters; known relationships remain deterministic.
CASE-157,Master/Subaccount Anonymity Abuse,coordination,Related-account / coordinated-group behavior,CoordinationWindowGrain,CoordinationWindowGrain;RelationshipGrain;AccountGrain;BeneficialOwnerGrain;ParticipantInstrumentGrain;RuleEvaluationWorkerGrain,ExecutionEvent;OrderEvent;RelationshipEvent;AccountReference,Self / Related Beneficial Owner; Related-Account Graph; Time / Price / Quantity Matching; Cross-Product Economic Benefit; Price Impact,Rules + relationship/beneficial-owner data; AI/ML optional for unknown clusters,Optional later for discovering unknown clusters; known relationships remain deterministic.
CASE-158,Securities-Based Currency Conversion Scheme,position_flow,Corner / squeeze / concentration / inventory flow,PositionGrain,PositionGrain;InstrumentGrain;BeneficialOwnerGrain;ParticipantInstrumentGrain;RuleEvaluationWorkerGrain,PositionEvent;HoldingEvent;ExecutionEvent;FloatReferenceEvent;BorrowLocateEvent,Self / Related Beneficial Owner; Related-Account Graph; Time / Price / Quantity Matching,Rules + ownership/transfer/reference data; AI not required,Not required.
CASE-159,Mirror Trading Through Securities,position_flow,Corner / squeeze / concentration / inventory flow,PositionGrain,PositionGrain;InstrumentGrain;BeneficialOwnerGrain;ParticipantInstrumentGrain;RuleEvaluationWorkerGrain,PositionEvent;HoldingEvent;ExecutionEvent;FloatReferenceEvent;BorrowLocateEvent,Self / Related Beneficial Owner; Related-Account Graph; Time / Price / Quantity Matching,Rules + ownership/transfer/reference data; AI not required,Not required.
CASE-160,Alternative Merger / Exchange-Offer Price Manipulation,offering,IPO / offering / distribution / stabilization abuse,CorporateEventGrain,CorporateEventGrain;ParticipantInstrumentGrain;PositionGrain;InstrumentGrain;RuleEvaluationWorkerGrain,OfferingEvent;AllocationEvent;ExecutionEvent;OrderEvent;PositionEvent,Displayed-Size Anomaly; Multi-Level Depth Pressure; Price Impact; Liquidity Concentration; Volume Participation,Rules + offering/tender reference data; AI not required,Not required.
CASE-161,Pre-Offering Short-Sale / Rule 105 Abuse,short_settlement,Short sale / borrow / settlement abuse,ShortSettlementGrain,ShortSettlementGrain;PositionGrain;ParticipantInstrumentGrain;AccountGrain;RuleEvaluationWorkerGrain,ShortSaleEvent;BorrowLocateEvent;SettlementEvent;ExecutionEvent;PositionEvent,Displayed-Size Anomaly; Multi-Level Depth Pressure; Price Impact; Liquidity Concentration; Volume Participation,Rules + borrow/locate/settlement data; AI not required,Not required.
CASE-162,IPO Aftermarket Tie-In Scheme,short_settlement,Short sale / borrow / settlement abuse,ShortSettlementGrain,ShortSettlementGrain;PositionGrain;ParticipantInstrumentGrain;AccountGrain;RuleEvaluationWorkerGrain,ShortSaleEvent;BorrowLocateEvent;SettlementEvent;ExecutionEvent;PositionEvent,Volume Participation; Pre-Event Abnormal Trading; Price Impact,Rules + borrow/locate/settlement data; AI not required,Not required.
CASE-163,IPO Allocation-for-Excessive-Commission Scheme,offering,IPO / offering / distribution / stabilization abuse,CorporateEventGrain,CorporateEventGrain;ParticipantInstrumentGrain;PositionGrain;InstrumentGrain;RuleEvaluationWorkerGrain,OfferingEvent;AllocationEvent;ExecutionEvent;OrderEvent;PositionEvent,Volume Participation; Pre-Event Abnormal Trading; Price Impact,Rules + offering/tender reference data; AI not required,Not required.
CASE-164,Artificial Aftermarket Conditioning During a Distribution,offering,IPO / offering / distribution / stabilization abuse,CorporateEventGrain,CorporateEventGrain;ParticipantInstrumentGrain;PositionGrain;InstrumentGrain;RuleEvaluationWorkerGrain,OfferingEvent;AllocationEvent;ExecutionEvent;OrderEvent;PositionEvent,Volume Participation; Pre-Event Abnormal Trading; Price Impact,Rules + offering/tender reference data; AI not required,Not required.
CASE-165,Mark-Down → Accumulate → Mark-Up → Distribute Scheme,coordination,Related-account / coordinated-group behavior,CoordinationWindowGrain,CoordinationWindowGrain;RelationshipGrain;AccountGrain;BeneficialOwnerGrain;ParticipantInstrumentGrain;RuleEvaluationWorkerGrain,ExecutionEvent;OrderEvent;RelationshipEvent;AccountReference,Self / Related Beneficial Owner; Related-Account Graph; Time / Price / Quantity Matching; Volume Participation; Position Concentration,Rules + relationship/beneficial-owner data; AI/ML optional for unknown clusters,Optional later for discovering unknown clusters; known relationships remain deterministic.
CASE-166,Stock-Promoter Liquidation Scheme,communications,Promotion / rumor / communications-linked trading,ParticipantInstrumentGrain,ParticipantInstrumentGrain;PositionGrain;RelationshipGrain;CorporateEventGrain;RuleEvaluationWorkerGrain,ExecutionEvent;OrderEvent;PromotionSignal;NewsEvent;RelationshipEvent,Volume Participation; Position Concentration; Related-Account Graph,"Rules + external communications/news data; AI helpful for text meaning, not required for trade-pattern leg",Future AI is useful for text meaning and communications analysis. Trade-side detection remains deterministic.
CASE-167,Quotation-Reactivation Manipulation,communications,Promotion / rumor / communications-linked trading,ParticipantInstrumentGrain,ParticipantInstrumentGrain;PositionGrain;RelationshipGrain;CorporateEventGrain;RuleEvaluationWorkerGrain,ExecutionEvent;OrderEvent;PromotionSignal;NewsEvent;RelationshipEvent,Displayed-Size Anomaly; Multi-Level Depth Pressure; Price Impact; Liquidity Concentration; Volume Participation,"Rules + external communications/news data; AI helpful for text meaning, not required for trade-pattern leg",Future AI is useful for text meaning and communications analysis. Trade-side detection remains deterministic.
CASE-168,Synchronized Illiquid-Stock Trading,coordination,Related-account / coordinated-group behavior,CoordinationWindowGrain,CoordinationWindowGrain;RelationshipGrain;AccountGrain;BeneficialOwnerGrain;ParticipantInstrumentGrain;RuleEvaluationWorkerGrain,ExecutionEvent;OrderEvent;RelationshipEvent;AccountReference,Self / Related Beneficial Owner; Related-Account Graph; Time / Price / Quantity Matching,Rules + relationship/beneficial-owner data; AI/ML optional for unknown clusters,Optional later for discovering unknown clusters; known relationships remain deterministic.
CASE-169,Fake Share-Provenance / Legal-Opinion Scheme,position_flow,Corner / squeeze / concentration / inventory flow,PositionGrain,PositionGrain;InstrumentGrain;BeneficialOwnerGrain;ParticipantInstrumentGrain;RuleEvaluationWorkerGrain,PositionEvent;HoldingEvent;ExecutionEvent;FloatReferenceEvent;BorrowLocateEvent,Self / Related Beneficial Owner; Related-Account Graph; Time / Price / Quantity Matching,Rules + ownership/transfer/reference data; AI not required,Not required.
CASE-170,Auction Indicative-Price Spoofing,spoof_layer,Spoofing / layering / deceptive liquidity,OrderBookGrain,OrderBookGrain;ParticipantInstrumentGrain;TraderGrain;AccountGrain;RuleEvaluationWorkerGrain,OrderEvent;ExecutionEvent;BookSnapshot,Cancellation Ratio; Order Lifetime; Displayed-Size Anomaly; Multi-Level Depth Pressure; Opposite-Side Execution,Rules; AI not required,Not required for core detection.
CASE-171,Auction Uncrossing-Volume Manipulation,auction_close,Opening / closing / auction manipulation,AuctionGrain,AuctionGrain;OrderBookGrain;InstrumentGrain;ParticipantInstrumentGrain;RuleEvaluationWorkerGrain,AuctionEvent;OrderEvent;ExecutionEvent;MarketPhaseEvent,Price Impact; Volume Participation; Rapid Position Reversal; Auction Indicative-Price Impact,Rules; AI not required,Not required.
CASE-172,Pre-Expiry Related-Instrument Manipulation,cross_product,Cross-product / derivative / ETF / index manipulation,InstrumentRelationGrain,InstrumentRelationGrain;PositionGrain;InstrumentGrain;ParticipantInstrumentGrain;BenchmarkWindowGrain;RuleEvaluationWorkerGrain,ExecutionEvent;OrderEvent;PositionEvent;InstrumentRelationEvent;ReferencePriceEvent,Cross-Product Economic Benefit; Price Impact; Volume Participation,Rules; AI not required,Not required.
CASE-173,Strike / Barrier Pinning,cross_product,Cross-product / derivative / ETF / index manipulation,InstrumentRelationGrain,InstrumentRelationGrain;PositionGrain;InstrumentGrain;ParticipantInstrumentGrain;BenchmarkWindowGrain;RuleEvaluationWorkerGrain,ExecutionEvent;OrderEvent;PositionEvent;InstrumentRelationEvent;ReferencePriceEvent,Cross-Product Economic Benefit; Price Impact; Volume Participation,Rules; AI not required,Not required.
CASE-174,Barrier-Trigger Manipulation,cross_product,Cross-product / derivative / ETF / index manipulation,InstrumentRelationGrain,InstrumentRelationGrain;PositionGrain;InstrumentGrain;ParticipantInstrumentGrain;BenchmarkWindowGrain;RuleEvaluationWorkerGrain,ExecutionEvent;OrderEvent;PositionEvent;InstrumentRelationEvent;ReferencePriceEvent,Cross-Product Economic Benefit; Price Impact; Volume Participation,Rules; AI not required,Not required.
CASE-175,Margin-Settlement Reference Manipulation,benchmark,Benchmark / VWAP / TWAP / settlement reference abuse,BenchmarkWindowGrain,BenchmarkWindowGrain;InstrumentGrain;ParticipantInstrumentGrain;PositionGrain;InstrumentRelationGrain;RuleEvaluationWorkerGrain,ExecutionEvent;BenchmarkEvent;PositionEvent;ReferencePriceEvent,Benchmark-Window Participation; Price Impact; Volume Participation,Rules; AI not required,Not required.
CASE-176,Artificial Arbitrage Creation,cross_product,Cross-product / derivative / ETF / index manipulation,InstrumentRelationGrain,InstrumentRelationGrain;PositionGrain;InstrumentGrain;ParticipantInstrumentGrain;BenchmarkWindowGrain;RuleEvaluationWorkerGrain,ExecutionEvent;OrderEvent;PositionEvent;InstrumentRelationEvent;ReferencePriceEvent,Benchmark-Window Participation; Price Impact; Volume Participation; Cross-Product Economic Benefit,Rules; AI not required,Not required.
CASE-177,Rights-Issue Reference-Price Manipulation,benchmark,Benchmark / VWAP / TWAP / settlement reference abuse,BenchmarkWindowGrain,BenchmarkWindowGrain;InstrumentGrain;ParticipantInstrumentGrain;PositionGrain;InstrumentRelationGrain;RuleEvaluationWorkerGrain,ExecutionEvent;BenchmarkEvent;PositionEvent;ReferencePriceEvent,Price Impact; Volume Participation; Rapid Position Reversal; Cross-Product Economic Benefit; Pre-Event Abnormal Trading,Rules; AI not required,Not required.
CASE-178,Insider Order Amendment / Cancellation,insider,Insider dealing / MNPI-linked trading,CorporateEventGrain,CorporateEventGrain;RelationshipGrain;BeneficialOwnerGrain;ParticipantInstrumentGrain;PositionGrain;RuleEvaluationWorkerGrain,ExecutionEvent;CorporateEvent;InsiderRelationshipEvent;HoldingEvent,Pre-Event Abnormal Trading; Related-Account Graph,Rules + external/reference data; AI not required,Future NLP can enrich event/news understanding; deterministic trade-event correlation remains the core.
CASE-179,Inside-Information Recommendation / Inducement,insider,Insider dealing / MNPI-linked trading,CorporateEventGrain,CorporateEventGrain;RelationshipGrain;BeneficialOwnerGrain;ParticipantInstrumentGrain;PositionGrain;RuleEvaluationWorkerGrain,ExecutionEvent;CorporateEvent;InsiderRelationshipEvent;HoldingEvent,Pre-Event Abnormal Trading; Related-Account Graph,Rules + external/reference data; AI not required,Future NLP can enrich event/news understanding; deterministic trade-event correlation remains the core.
CASE-180,Wall-Cross / Market-Sounding Insider Trading,insider,Insider dealing / MNPI-linked trading,CorporateEventGrain,CorporateEventGrain;RelationshipGrain;BeneficialOwnerGrain;ParticipantInstrumentGrain;PositionGrain;RuleEvaluationWorkerGrain,ExecutionEvent;CorporateEvent;InsiderRelationshipEvent;HoldingEvent,Pre-Event Abnormal Trading; Related-Account Graph,Rules + external/reference data; AI not required,Future NLP can enrich event/news understanding; deterministic trade-event correlation remains the core.
CASE-181,Shadow Trading,insider,Insider dealing / MNPI-linked trading,CorporateEventGrain,CorporateEventGrain;RelationshipGrain;BeneficialOwnerGrain;ParticipantInstrumentGrain;PositionGrain;RuleEvaluationWorkerGrain,ExecutionEvent;CorporateEvent;InsiderRelationshipEvent;HoldingEvent,Pre-Event Abnormal Trading; Related-Account Graph,Rules + external/reference data; AI not required,Future NLP can enrich event/news understanding; deterministic trade-event correlation remains the core.
CASE-182,Cyber-Hacked MNPI Trading,insider,Insider dealing / MNPI-linked trading,CorporateEventGrain,CorporateEventGrain;RelationshipGrain;BeneficialOwnerGrain;ParticipantInstrumentGrain;PositionGrain;RuleEvaluationWorkerGrain,ExecutionEvent;CorporateEvent;InsiderRelationshipEvent;HoldingEvent,Pre-Event Abnormal Trading; Related-Account Graph,Rules + external/reference data; AI not required,Future NLP can enrich event/news understanding; deterministic trade-event correlation remains the core.
CASE-183,Fake Tender-Offer / Regulatory-Filing Manipulation,offering,IPO / offering / distribution / stabilization abuse,CorporateEventGrain,CorporateEventGrain;ParticipantInstrumentGrain;PositionGrain;InstrumentGrain;RuleEvaluationWorkerGrain,OfferingEvent;AllocationEvent;ExecutionEvent;OrderEvent;PositionEvent,Displayed-Size Anomaly; Multi-Level Depth Pressure; Price Impact; Liquidity Concentration; Pre-Event Abnormal Trading,Rules + offering/tender reference data; AI not required,Not required.
CASE-184,Rule 10b5-1 Trading-Plan Abuse,insider,Insider dealing / MNPI-linked trading,CorporateEventGrain,CorporateEventGrain;RelationshipGrain;BeneficialOwnerGrain;ParticipantInstrumentGrain;PositionGrain;RuleEvaluationWorkerGrain,ExecutionEvent;CorporateEvent;InsiderRelationshipEvent;HoldingEvent,Pre-Event Abnormal Trading; Related-Account Graph,Rules + external/reference data; AI not required,Future NLP can enrich event/news understanding; deterministic trade-event correlation remains the core.
CASE-185,Mutual-Fund Late Trading,benchmark,Benchmark / VWAP / TWAP / settlement reference abuse,BenchmarkWindowGrain,BenchmarkWindowGrain;InstrumentGrain;ParticipantInstrumentGrain;PositionGrain;InstrumentRelationGrain;RuleEvaluationWorkerGrain,ExecutionEvent;BenchmarkEvent;PositionEvent;ReferencePriceEvent,Benchmark-Window Participation; Price Impact; Volume Participation,Rules; AI not required,Not required.
CASE-186,Deceptive Mutual-Fund Market Timing,broker_conduct,Broker/customer trading conduct,AccountGrain,AccountGrain;TraderGrain;ClientOrderWindowGrain;PositionGrain;RuleEvaluationWorkerGrain,ClientOrderEvent;ExecutionEvent;AccountAuthorizationEvent;FeeEvent;PositionEvent,Self / Related Beneficial Owner; Related-Account Graph; Time / Price / Quantity Matching,"Rules + account, fee, authorization and broker records; AI not required",Not required.
CASE-187,Selective Portfolio-Holdings Abuse,front_run,Front running / trading ahead / client-order misuse,ClientOrderWindowGrain,ClientOrderWindowGrain;ParticipantInstrumentGrain;TraderGrain;AccountGrain;RoutingQualityGrain;RuleEvaluationWorkerGrain,ClientOrderEvent;ExecutionEvent;OrderEvent;RoutingDecisionEvent,Price Impact; Volume Participation; Rapid Position Reversal,Rules + customer/order-source data; AI not required,Not required.
CASE-188,Issuer Share-Repurchase Manipulation,price_momentum,Price / momentum / tape manipulation,InstrumentGrain,InstrumentGrain;OrderBookGrain;ParticipantInstrumentGrain;PositionGrain;RuleEvaluationWorkerGrain,ExecutionEvent;OrderEvent;MarketStateEvent,Price Impact; Volume Participation; Rapid Position Reversal,Rules; external promotion data may enrich pump/rumor variants,Not required for core detection.
CASE-189,Improper Price Stabilization,offering,IPO / offering / distribution / stabilization abuse,CorporateEventGrain,CorporateEventGrain;ParticipantInstrumentGrain;PositionGrain;InstrumentGrain;RuleEvaluationWorkerGrain,OfferingEvent;AllocationEvent;ExecutionEvent;OrderEvent;PositionEvent,Displayed-Size Anomaly; Multi-Level Depth Pressure; Price Impact; Liquidity Concentration; Volume Participation,Rules + offering/tender reference data; AI not required,Not required.
CASE-190,Liquidity-Rebate Wash Trading,wash_matched,Wash / matched / self / circular trading,ParticipantInstrumentGrain,ParticipantInstrumentGrain;AccountGrain;BeneficialOwnerGrain;RelationshipGrain;CoordinationWindowGrain;RuleEvaluationWorkerGrain,ExecutionEvent;RelationshipEvent;AccountReference,Self / Related Beneficial Owner; Time / Price / Quantity Matching; Circular Transaction Graph,Rules; AI not required; ownership/reference data strongly improves detection,Optional later for unknown coordination clusters; not required for known-rule detection.
CASE-191,NBBO Join-Inducement / Disruptive Quoting,spoof_layer,Spoofing / layering / deceptive liquidity,OrderBookGrain,OrderBookGrain;ParticipantInstrumentGrain;TraderGrain;AccountGrain;RuleEvaluationWorkerGrain,OrderEvent;ExecutionEvent;BookSnapshot,Cancellation Ratio; Order Lifetime; Displayed-Size Anomaly; Multi-Level Depth Pressure; Opposite-Side Execution,Rules; AI not required,Not required for core detection.
CASE-192,Toxic / Death-Spiral Convertible Manipulation,cross_product,Cross-product / derivative / ETF / index manipulation,InstrumentRelationGrain,InstrumentRelationGrain;PositionGrain;InstrumentGrain;ParticipantInstrumentGrain;BenchmarkWindowGrain;RuleEvaluationWorkerGrain,ExecutionEvent;OrderEvent;PositionEvent;InstrumentRelationEvent;ReferencePriceEvent,Cross-Product Economic Benefit; Price Impact; Volume Participation,Rules; AI not required,Not required.
CASE-193,Engineered Short Squeeze,price_momentum,Price / momentum / tape manipulation,InstrumentGrain,InstrumentGrain;OrderBookGrain;ParticipantInstrumentGrain;PositionGrain;RuleEvaluationWorkerGrain,ExecutionEvent;OrderEvent;MarketStateEvent,Position Concentration; Liquidity Concentration; Price Impact,Rules; external promotion data may enrich pump/rumor variants,Not required for core detection.
CASE-194,Hacked-Account Forced-Buy Pump,account_security,Account takeover / identity misuse,AccountSecurityGrain,AccountSecurityGrain;AccountGrain;ParticipantInstrumentGrain;PositionGrain;RuleEvaluationWorkerGrain,AccountSecurityEvent;LoginEvent;DeviceEvent;ExecutionEvent;TransferEvent,Price Impact; Volume Participation; Rapid Position Reversal; Position Concentration; Related-Account Graph,Rules + account-security/authentication data; AI optional,Optional later for behavioral anomaly scoring; rule detection can operate without it.
CASE-195,Account-Takeover Options Cross-Trade Fraud,cross_product,Cross-product / derivative / ETF / index manipulation,InstrumentRelationGrain,InstrumentRelationGrain;PositionGrain;InstrumentGrain;ParticipantInstrumentGrain;BenchmarkWindowGrain;RuleEvaluationWorkerGrain,ExecutionEvent;OrderEvent;PositionEvent;InstrumentRelationEvent;ReferencePriceEvent,Cross-Product Economic Benefit; Price Impact; Volume Participation; Time / Price / Quantity Matching; Trade-Report Timing / Accuracy,Rules; AI not required,Not required.
CASE-196,New-Account Identity Options Fraud,account_security,Account takeover / identity misuse,AccountSecurityGrain,AccountSecurityGrain;AccountGrain;ParticipantInstrumentGrain;PositionGrain;RuleEvaluationWorkerGrain,AccountSecurityEvent;LoginEvent;DeviceEvent;ExecutionEvent;TransferEvent,Cross-Product Economic Benefit; Price Impact; Volume Participation; Related-Account Graph; Time / Price / Quantity Matching,Rules + account-security/authentication data; AI optional,Optional later for behavioral anomaly scoring; rule detection can operate without it.
CASE-197,Share-Journaling Fragmentation Scheme,coordination,Related-account / coordinated-group behavior,CoordinationWindowGrain,CoordinationWindowGrain;RelationshipGrain;AccountGrain;BeneficialOwnerGrain;ParticipantInstrumentGrain;RuleEvaluationWorkerGrain,ExecutionEvent;OrderEvent;RelationshipEvent;AccountReference,Self / Related Beneficial Owner; Related-Account Graph; Time / Price / Quantity Matching; Position Concentration,Rules + relationship/beneficial-owner data; AI/ML optional for unknown clusters,Optional later for discovering unknown clusters; known relationships remain deterministic.
CASE-198,Nested Omnibus Concealment,coordination,Related-account / coordinated-group behavior,CoordinationWindowGrain,CoordinationWindowGrain;RelationshipGrain;AccountGrain;BeneficialOwnerGrain;ParticipantInstrumentGrain;RuleEvaluationWorkerGrain,ExecutionEvent;OrderEvent;RelationshipEvent;AccountReference,Self / Related Beneficial Owner; Related-Account Graph; Time / Price / Quantity Matching; Cross-Product Economic Benefit; Price Impact,Rules + relationship/beneficial-owner data; AI/ML optional for unknown clusters,Optional later for discovering unknown clusters; known relationships remain deterministic.
CASE-199,Imposter Market-Information Source Manipulation,communications,Promotion / rumor / communications-linked trading,ParticipantInstrumentGrain,ParticipantInstrumentGrain;PositionGrain;RelationshipGrain;CorporateEventGrain;RuleEvaluationWorkerGrain,ExecutionEvent;OrderEvent;PromotionSignal;NewsEvent;RelationshipEvent,Self / Related Beneficial Owner; Related-Account Graph; Time / Price / Quantity Matching,"Rules + external communications/news data; AI helpful for text meaning, not required for trade-pattern leg",Future AI is useful for text meaning and communications analysis. Trade-side detection remains deterministic.
CASE-200,Distribution Restricted-Period Manipulation,offering,IPO / offering / distribution / stabilization abuse,CorporateEventGrain,CorporateEventGrain;ParticipantInstrumentGrain;PositionGrain;InstrumentGrain;RuleEvaluationWorkerGrain,OfferingEvent;AllocationEvent;ExecutionEvent;OrderEvent;PositionEvent,Displayed-Size Anomaly; Multi-Level Depth Pressure; Price Impact; Liquidity Concentration; Volume Participation,Rules + offering/tender reference data; AI not required,Not required.
CASE-201,ETP Creation/Redemption Exploitation,cross_product,Cross-product / derivative / ETF / index manipulation,InstrumentRelationGrain,InstrumentRelationGrain;PositionGrain;InstrumentGrain;ParticipantInstrumentGrain;BenchmarkWindowGrain;RuleEvaluationWorkerGrain,ExecutionEvent;OrderEvent;PositionEvent;InstrumentRelationEvent;ReferencePriceEvent,Cross-Product Economic Benefit; Price Impact; Volume Participation,Rules; AI not required,Not required.
CASE-202,ETP Portfolio-Composition Manipulation,cross_product,Cross-product / derivative / ETF / index manipulation,InstrumentRelationGrain,InstrumentRelationGrain;PositionGrain;InstrumentGrain;ParticipantInstrumentGrain;BenchmarkWindowGrain;RuleEvaluationWorkerGrain,ExecutionEvent;OrderEvent;PositionEvent;InstrumentRelationEvent;ReferencePriceEvent,Cross-Product Economic Benefit; Price Impact; Volume Participation,Rules; AI not required,Not required.
CASE-203,Correlated ETP / Options Manipulation,cross_product,Cross-product / derivative / ETF / index manipulation,InstrumentRelationGrain,InstrumentRelationGrain;PositionGrain;InstrumentGrain;ParticipantInstrumentGrain;BenchmarkWindowGrain;RuleEvaluationWorkerGrain,ExecutionEvent;OrderEvent;PositionEvent;InstrumentRelationEvent;ReferencePriceEvent,Cross-Product Economic Benefit; Price Impact; Volume Participation,Rules; AI not required,Not required.
CASE-204,ACATS Account-Transfer Fraud,account_security,Account takeover / identity misuse,AccountSecurityGrain,AccountSecurityGrain;AccountGrain;ParticipantInstrumentGrain;PositionGrain;RuleEvaluationWorkerGrain,AccountSecurityEvent;LoginEvent;DeviceEvent;ExecutionEvent;TransferEvent,Cross-Venue Synchronization; Trade-Report Timing / Accuracy; Price Impact; Related-Account Graph; Time / Price / Quantity Matching,Rules + account-security/authentication data; AI optional,Optional later for behavioral anomaly scoring; rule detection can operate without it.
CASE-205,Digital-Signature Trading-Authorization Forgery,account_security,Account takeover / identity misuse,AccountSecurityGrain,AccountSecurityGrain;AccountGrain;ParticipantInstrumentGrain;PositionGrain;RuleEvaluationWorkerGrain,AccountSecurityEvent;LoginEvent;DeviceEvent;ExecutionEvent;TransferEvent,Self / Related Beneficial Owner; Related-Account Graph; Time / Price / Quantity Matching,Rules + account-security/authentication data; AI optional,Optional later for behavioral anomaly scoring; rule detection can operate without it.
CASE-206,ACH Instant-Funds Securities Abuse,position_flow,Corner / squeeze / concentration / inventory flow,PositionGrain,PositionGrain;InstrumentGrain;BeneficialOwnerGrain;ParticipantInstrumentGrain;RuleEvaluationWorkerGrain,PositionEvent;HoldingEvent;ExecutionEvent;FloatReferenceEvent;BorrowLocateEvent,Price Impact; Volume Participation; Rapid Position Reversal,Rules + ownership/transfer/reference data; AI not required,Not required.
CASE-207,Direct-To-Investor Stock-Manipulation Scam,communications,Promotion / rumor / communications-linked trading,ParticipantInstrumentGrain,ParticipantInstrumentGrain;PositionGrain;RelationshipGrain;CorporateEventGrain;RuleEvaluationWorkerGrain,ExecutionEvent;OrderEvent;PromotionSignal;NewsEvent;RelationshipEvent,Volume Participation; Position Concentration; Related-Account Graph,"Rules + external communications/news data; AI helpful for text meaning, not required for trade-pattern leg",Future AI is useful for text meaning and communications analysis. Trade-side detection remains deterministic.
CASE-208,Fictitious Quotation,reporting,Trade reporting / publication / identifier manipulation,TradeReportingGrain,TradeReportingGrain;ParticipantInstrumentGrain;AccountGrain;RelationshipGrain;RuleEvaluationWorkerGrain,ExecutionEvent;TradeReportEvent;IdentifierEvent;MarketDataPublicationEvent,Displayed-Size Anomaly; Multi-Level Depth Pressure; Price Impact; Liquidity Concentration,Rules; AI not required,Not required.
CASE-209,False Transaction Publication,reporting,Trade reporting / publication / identifier manipulation,TradeReportingGrain,TradeReportingGrain;ParticipantInstrumentGrain;AccountGrain;RelationshipGrain;RuleEvaluationWorkerGrain,ExecutionEvent;TradeReportEvent;IdentifierEvent;MarketDataPublicationEvent,Trade-Report Timing / Accuracy; Time / Price / Quantity Matching,Rules; AI not required,Not required.
CASE-210,Closing-Bid Marking,auction_close,Opening / closing / auction manipulation,AuctionGrain,AuctionGrain;OrderBookGrain;InstrumentGrain;ParticipantInstrumentGrain;RuleEvaluationWorkerGrain,AuctionEvent;OrderEvent;ExecutionEvent;MarketPhaseEvent,Displayed-Size Anomaly; Multi-Level Depth Pressure; Price Impact; Liquidity Concentration; Auction Indicative-Price Impact,Rules; AI not required,Not required.
CASE-211,False Appearance of Customer Interest,book_pressure,Order-book pressure / quote manipulation,OrderBookGrain,OrderBookGrain;InstrumentGrain;ParticipantInstrumentGrain;RuleEvaluationWorkerGrain,OrderEvent;ExecutionEvent;BookSnapshot,Displayed-Size Anomaly; Multi-Level Depth Pressure; Price Impact; Liquidity Concentration,Rules; AI not required,Not required for core detection.
CASE-212,Quote Coordination Between Market Participants,coordination,Related-account / coordinated-group behavior,CoordinationWindowGrain,CoordinationWindowGrain;RelationshipGrain;AccountGrain;BeneficialOwnerGrain;ParticipantInstrumentGrain;RuleEvaluationWorkerGrain,ExecutionEvent;OrderEvent;RelationshipEvent;AccountReference,Displayed-Size Anomaly; Multi-Level Depth Pressure; Price Impact; Liquidity Concentration; Volume Participation,Rules + relationship/beneficial-owner data; AI/ML optional for unknown clusters,Optional later for discovering unknown clusters; known relationships remain deterministic.
CASE-213,Coordinated Trade-Reporting Manipulation,reporting,Trade reporting / publication / identifier manipulation,TradeReportingGrain,TradeReportingGrain;ParticipantInstrumentGrain;AccountGrain;RelationshipGrain;RuleEvaluationWorkerGrain,ExecutionEvent;TradeReportEvent;IdentifierEvent;MarketDataPublicationEvent,Self / Related Beneficial Owner; Related-Account Graph; Time / Price / Quantity Matching; Trade-Report Timing / Accuracy,Rules; AI not required,Not required.
CASE-214,Pressure-to-Alter-Quote Scheme,book_pressure,Order-book pressure / quote manipulation,OrderBookGrain,OrderBookGrain;InstrumentGrain;ParticipantInstrumentGrain;RuleEvaluationWorkerGrain,OrderEvent;ExecutionEvent;BookSnapshot,Displayed-Size Anomaly; Multi-Level Depth Pressure; Price Impact; Liquidity Concentration; Volume Participation,Rules; AI not required,Not required for core detection.
CASE-215,Market-Maker Retaliation / Intimidation,coordination,Related-account / coordinated-group behavior,CoordinationWindowGrain,CoordinationWindowGrain;RelationshipGrain;AccountGrain;BeneficialOwnerGrain;ParticipantInstrumentGrain;RuleEvaluationWorkerGrain,ExecutionEvent;OrderEvent;RelationshipEvent;AccountReference,Displayed-Size Anomaly; Volume Participation; Liquidity Concentration,Rules + relationship/beneficial-owner data; AI/ML optional for unknown clusters,Optional later for discovering unknown clusters; known relationships remain deterministic.
CASE-216,Paid Market-Making Influence,communications,Promotion / rumor / communications-linked trading,ParticipantInstrumentGrain,ParticipantInstrumentGrain;PositionGrain;RelationshipGrain;CorporateEventGrain;RuleEvaluationWorkerGrain,ExecutionEvent;OrderEvent;PromotionSignal;NewsEvent;RelationshipEvent,Self / Related Beneficial Owner; Related-Account Graph; Time / Price / Quantity Matching; Displayed-Size Anomaly; Volume Participation,"Rules + external communications/news data; AI helpful for text meaning, not required for trade-pattern leg",Future AI is useful for text meaning and communications analysis. Trade-side detection remains deterministic.
CASE-217,Paid Publication to Influence Stock Price,communications,Promotion / rumor / communications-linked trading,ParticipantInstrumentGrain,ParticipantInstrumentGrain;PositionGrain;RelationshipGrain;CorporateEventGrain;RuleEvaluationWorkerGrain,ExecutionEvent;OrderEvent;PromotionSignal;NewsEvent;RelationshipEvent,Trade-Report Timing / Accuracy; Time / Price / Quantity Matching,"Rules + external communications/news data; AI helpful for text meaning, not required for trade-pattern leg",Future AI is useful for text meaning and communications analysis. Trade-side detection remains deterministic.
CASE-218,Non-Firm Stated-Price Offer,book_pressure,Order-book pressure / quote manipulation,OrderBookGrain,OrderBookGrain;InstrumentGrain;ParticipantInstrumentGrain;RuleEvaluationWorkerGrain,OrderEvent;ExecutionEvent;BookSnapshot,Displayed-Size Anomaly; Multi-Level Depth Pressure; Price Impact; Liquidity Concentration,Rules; AI not required,Not required for core detection.
CASE-219,Broker Inventory Parking to Evade Capital Requirements,position_flow,Corner / squeeze / concentration / inventory flow,PositionGrain,PositionGrain;InstrumentGrain;BeneficialOwnerGrain;ParticipantInstrumentGrain;RuleEvaluationWorkerGrain,PositionEvent;HoldingEvent;ExecutionEvent;FloatReferenceEvent;BorrowLocateEvent,Self / Related Beneficial Owner; Related-Account Graph; Time / Price / Quantity Matching,Rules + ownership/transfer/reference data; AI not required,Not required.
CASE-220,Mark-to-Market Inflation,benchmark,Benchmark / VWAP / TWAP / settlement reference abuse,BenchmarkWindowGrain,BenchmarkWindowGrain;InstrumentGrain;ParticipantInstrumentGrain;PositionGrain;InstrumentRelationGrain;RuleEvaluationWorkerGrain,ExecutionEvent;BenchmarkEvent;PositionEvent;ReferencePriceEvent,Benchmark-Window Participation; Price Impact; Volume Participation,Rules; AI not required,Not required.
CASE-221,Investment-Fund Asset Overvaluation,benchmark,Benchmark / VWAP / TWAP / settlement reference abuse,BenchmarkWindowGrain,BenchmarkWindowGrain;InstrumentGrain;ParticipantInstrumentGrain;PositionGrain;InstrumentRelationGrain;RuleEvaluationWorkerGrain,ExecutionEvent;BenchmarkEvent;PositionEvent;ReferencePriceEvent,Benchmark-Window Participation; Price Impact; Volume Participation,Rules; AI not required,Not required.
CASE-222,Performance-Fee Inflation Through False Valuation,broker_conduct,Broker/customer trading conduct,AccountGrain,AccountGrain;TraderGrain;ClientOrderWindowGrain;PositionGrain;RuleEvaluationWorkerGrain,ClientOrderEvent;ExecutionEvent;AccountAuthorizationEvent;FeeEvent;PositionEvent,Benchmark-Window Participation; Price Impact; Volume Participation,"Rules + account, fee, authorization and broker records; AI not required",Not required.
CASE-223,Fraudulent NAV Pricing,benchmark,Benchmark / VWAP / TWAP / settlement reference abuse,BenchmarkWindowGrain,BenchmarkWindowGrain;InstrumentGrain;ParticipantInstrumentGrain;PositionGrain;InstrumentRelationGrain;RuleEvaluationWorkerGrain,ExecutionEvent;BenchmarkEvent;PositionEvent;ReferencePriceEvent,Benchmark-Window Participation; Price Impact; Volume Participation,Rules; AI not required,Not required.
CASE-224,Unfair Client Cross-Trade Pricing,broker_conduct,Broker/customer trading conduct,AccountGrain,AccountGrain;TraderGrain;ClientOrderWindowGrain;PositionGrain;RuleEvaluationWorkerGrain,ClientOrderEvent;ExecutionEvent;AccountAuthorizationEvent;FeeEvent;PositionEvent,Time / Price / Quantity Matching; Trade-Report Timing / Accuracy; Price Impact,"Rules + account, fee, authorization and broker records; AI not required",Not required.
CASE-225,Personal-Account Cross-Trade Abuse,broker_conduct,Broker/customer trading conduct,AccountGrain,AccountGrain;TraderGrain;ClientOrderWindowGrain;PositionGrain;RuleEvaluationWorkerGrain,ClientOrderEvent;ExecutionEvent;AccountAuthorizationEvent;FeeEvent;PositionEvent,Time / Price / Quantity Matching; Trade-Report Timing / Accuracy; Price Impact,"Rules + account, fee, authorization and broker records; AI not required",Not required.
CASE-226,Riskless-Principal Compensation Concealment,broker_conduct,Broker/customer trading conduct,AccountGrain,AccountGrain;TraderGrain;ClientOrderWindowGrain;PositionGrain;RuleEvaluationWorkerGrain,ClientOrderEvent;ExecutionEvent;AccountAuthorizationEvent;FeeEvent;PositionEvent,Auction Indicative-Price Impact; Price Impact; Volume Participation; Time / Price / Quantity Matching; Trade-Report Timing / Accuracy,"Rules + account, fee, authorization and broker records; AI not required",Not required.
CASE-227,Error-Account Abuse,broker_conduct,Broker/customer trading conduct,AccountGrain,AccountGrain;TraderGrain;ClientOrderWindowGrain;PositionGrain;RuleEvaluationWorkerGrain,ClientOrderEvent;ExecutionEvent;AccountAuthorizationEvent;FeeEvent;PositionEvent,Time / Price / Quantity Matching; Trade-Report Timing / Accuracy; Price Impact,"Rules + account, fee, authorization and broker records; AI not required",Not required.
CASE-228,Margin-Evasion Through Error Accounts,evasion,Threshold / identity / surveillance-evasion behavior,RelationshipGrain,RelationshipGrain;AccountGrain;TraderGrain;ParticipantInstrumentGrain;CoordinationWindowGrain;RuleEvaluationWorkerGrain,OrderEvent;ExecutionEvent;IdentifierEvent;RelationshipEvent,Related-Account Graph; Position Concentration; Time / Price / Quantity Matching; Trade-Report Timing / Accuracy; Price Impact,Rules + identity/relationship resolution; AI not required,Not required; entity-resolution AI could enrich later.
CASE-229,Cancel-and-Rebill Manipulation,broker_conduct,Broker/customer trading conduct,AccountGrain,AccountGrain;TraderGrain;ClientOrderWindowGrain;PositionGrain;RuleEvaluationWorkerGrain,ClientOrderEvent;ExecutionEvent;AccountAuthorizationEvent;FeeEvent;PositionEvent,Time / Price / Quantity Matching; Trade-Report Timing / Accuracy; Price Impact,"Rules + account, fee, authorization and broker records; AI not required",Not required.
CASE-230,Selling Away,broker_conduct,Broker/customer trading conduct,AccountGrain,AccountGrain;TraderGrain;ClientOrderWindowGrain;PositionGrain;RuleEvaluationWorkerGrain,ClientOrderEvent;ExecutionEvent;AccountAuthorizationEvent;FeeEvent;PositionEvent,Self / Related Beneficial Owner; Related-Account Graph; Time / Price / Quantity Matching,"Rules + account, fee, authorization and broker records; AI not required",Not required.
CASE-231,Piggybacking / Shadowing Customer Trades,front_run,Front running / trading ahead / client-order misuse,ClientOrderWindowGrain,ClientOrderWindowGrain;ParticipantInstrumentGrain;TraderGrain;AccountGrain;RoutingQualityGrain;RuleEvaluationWorkerGrain,ClientOrderEvent;ExecutionEvent;OrderEvent;RoutingDecisionEvent,Pre-Event Abnormal Trading; Time / Price / Quantity Matching; Price Impact,Rules + customer/order-source data; AI not required,Not required.
CASE-232,Sham Married-Put Short-Sale Evasion,short_settlement,Short sale / borrow / settlement abuse,ShortSettlementGrain,ShortSettlementGrain;PositionGrain;ParticipantInstrumentGrain;AccountGrain;RuleEvaluationWorkerGrain,ShortSaleEvent;BorrowLocateEvent;SettlementEvent;ExecutionEvent;PositionEvent,Related-Account Graph; Position Concentration,Rules + borrow/locate/settlement data; AI not required,Not required.
CASE-233,Buy-Write Fail-to-Deliver Reset Scheme,short_settlement,Short sale / borrow / settlement abuse,ShortSettlementGrain,ShortSettlementGrain;PositionGrain;ParticipantInstrumentGrain;AccountGrain;RuleEvaluationWorkerGrain,ShortSaleEvent;BorrowLocateEvent;SettlementEvent;ExecutionEvent;PositionEvent,Short / Borrow / Settlement Status; Position Concentration,Rules + borrow/locate/settlement data; AI not required,Not required.
CASE-234,Stock-Kiting to Maintain Naked Short Position,short_settlement,Short sale / borrow / settlement abuse,ShortSettlementGrain,ShortSettlementGrain;PositionGrain;ParticipantInstrumentGrain;AccountGrain;RuleEvaluationWorkerGrain,ShortSaleEvent;BorrowLocateEvent;SettlementEvent;ExecutionEvent;PositionEvent,Short / Borrow / Settlement Status; Position Concentration,Rules + borrow/locate/settlement data; AI not required,Not required.
CASE-235,Stock-Loan Sham Finder-Fee Scheme,securities_lending,Securities lending abuse,SecuritiesLoanGrain,SecuritiesLoanGrain;PositionGrain;AccountGrain;BeneficialOwnerGrain;RuleEvaluationWorkerGrain,SecuritiesLoanEvent;CollateralEvent;SettlementEvent;AccountReference,Short / Borrow / Settlement Status; Position Concentration; Liquidity Concentration,Rules + securities-lending data; AI not required,Not required.
CASE-236,Stock-Loan Kickback Scheme,securities_lending,Securities lending abuse,SecuritiesLoanGrain,SecuritiesLoanGrain;PositionGrain;AccountGrain;BeneficialOwnerGrain;RuleEvaluationWorkerGrain,SecuritiesLoanEvent;CollateralEvent;SettlementEvent;AccountReference,Short / Borrow / Settlement Status; Position Concentration; Liquidity Concentration,Rules + securities-lending data; AI not required,Not required.
CASE-237,Neighboring Options-Series Spoofing,spoof_layer,Spoofing / layering / deceptive liquidity,OrderBookGrain,OrderBookGrain;ParticipantInstrumentGrain;TraderGrain;AccountGrain;RuleEvaluationWorkerGrain,OrderEvent;ExecutionEvent;BookSnapshot,Cancellation Ratio; Order Lifetime; Displayed-Size Anomaly; Multi-Level Depth Pressure; Opposite-Side Execution,Rules; AI not required,Not required for core detection.
CASE-238,Trade Shredding,message_abuse,Message-rate / stuffing / burst abuse,ParticipantInstrumentGrain,ParticipantInstrumentGrain;OrderBookGrain;TraderGrain;RuleEvaluationWorkerGrain,OrderEvent;OrderAckEvent;MarketPhaseEvent,Displayed-Size Anomaly; Multi-Level Depth Pressure; Price Impact; Liquidity Concentration,Rules; AI not required,Not required.
CASE-239,IPO / New-Issue Withholding for Firm or Insider Benefit,insider,Insider dealing / MNPI-linked trading,CorporateEventGrain,CorporateEventGrain;RelationshipGrain;BeneficialOwnerGrain;ParticipantInstrumentGrain;PositionGrain;RuleEvaluationWorkerGrain,ExecutionEvent;CorporateEvent;InsiderRelationshipEvent;HoldingEvent,Volume Participation; Pre-Event Abnormal Trading; Price Impact,Rules + external/reference data; AI not required,Future NLP can enrich event/news understanding; deterministic trade-event correlation remains the core.
CASE-240,Restricted-Person New-Issue Allocation,insider,Insider dealing / MNPI-linked trading,CorporateEventGrain,CorporateEventGrain;RelationshipGrain;BeneficialOwnerGrain;ParticipantInstrumentGrain;PositionGrain;RuleEvaluationWorkerGrain,ExecutionEvent;CorporateEvent;InsiderRelationshipEvent;HoldingEvent,Volume Participation; Pre-Event Abnormal Trading; Price Impact,Rules + external/reference data; AI not required,Future NLP can enrich event/news understanding; deterministic trade-event correlation remains the core.
CASE-241,IPO Flipping-Penalty Recoupment Abuse,offering,IPO / offering / distribution / stabilization abuse,CorporateEventGrain,CorporateEventGrain;ParticipantInstrumentGrain;PositionGrain;InstrumentGrain;RuleEvaluationWorkerGrain,OfferingEvent;AllocationEvent;ExecutionEvent;OrderEvent;PositionEvent,Volume Participation; Pre-Event Abnormal Trading; Price Impact,Rules + offering/tender reference data; AI not required,Not required.
CASE-242,Undisclosed IPO Lock-Up Release / Waiver,insider,Insider dealing / MNPI-linked trading,CorporateEventGrain,CorporateEventGrain;RelationshipGrain;BeneficialOwnerGrain;ParticipantInstrumentGrain;PositionGrain;RuleEvaluationWorkerGrain,ExecutionEvent;CorporateEvent;InsiderRelationshipEvent;HoldingEvent,Volume Participation; Pre-Event Abnormal Trading; Price Impact,Rules + external/reference data; AI not required,Future NLP can enrich event/news understanding; deterministic trade-event correlation remains the core.
CASE-243,Pre-Opening IPO Market-Order Abuse,auction_close,Opening / closing / auction manipulation,AuctionGrain,AuctionGrain;OrderBookGrain;InstrumentGrain;ParticipantInstrumentGrain;RuleEvaluationWorkerGrain,AuctionEvent;OrderEvent;ExecutionEvent;MarketPhaseEvent,Auction Indicative-Price Impact; Price Impact; Volume Participation; Pre-Event Abnormal Trading,Rules; AI not required,Not required.
CASE-244,Returned IPO Share Premium Capture,offering,IPO / offering / distribution / stabilization abuse,CorporateEventGrain,CorporateEventGrain;ParticipantInstrumentGrain;PositionGrain;InstrumentGrain;RuleEvaluationWorkerGrain,OfferingEvent;AllocationEvent;ExecutionEvent;OrderEvent;PositionEvent,Self / Related Beneficial Owner; Related-Account Graph; Time / Price / Quantity Matching; Volume Participation; Pre-Event Abnormal Trading,Rules + offering/tender reference data; AI not required,Not required.
CASE-245,Payment-for-Order-Flow Biased Routing,offering,IPO / offering / distribution / stabilization abuse,CorporateEventGrain,CorporateEventGrain;ParticipantInstrumentGrain;PositionGrain;InstrumentGrain;RuleEvaluationWorkerGrain,OfferingEvent;AllocationEvent;ExecutionEvent;OrderEvent;PositionEvent,Displayed-Size Anomaly; Multi-Level Depth Pressure; Price Impact; Liquidity Concentration; Volume Participation,Rules + offering/tender reference data; AI not required,Not required.
CASE-246,Maker-Taker Rebate Biased Routing,routing_venue,Routing / execution quality / ATS / venue conflict,RoutingQualityGrain,RoutingQualityGrain;ClientOrderWindowGrain;ParticipantInstrumentGrain;VenueGrain;RuleEvaluationWorkerGrain,ClientOrderEvent;RoutingDecisionEvent;ExecutionEvent;VenueFeeEvent;NBBOEvent,Displayed-Size Anomaly; Volume Participation; Liquidity Concentration,Rules + routing/venue configuration and fee data; AI not required,Not required.
CASE-247,Affiliated-Venue Routing Conflict,routing_venue,Routing / execution quality / ATS / venue conflict,RoutingQualityGrain,RoutingQualityGrain;ClientOrderWindowGrain;ParticipantInstrumentGrain;VenueGrain;RuleEvaluationWorkerGrain,ClientOrderEvent;RoutingDecisionEvent;ExecutionEvent;VenueFeeEvent;NBBOEvent,Self / Related Beneficial Owner; Related-Account Graph; Time / Price / Quantity Matching; Displayed-Size Anomaly; Volume Participation,Rules + routing/venue configuration and fee data; AI not required,Not required.
CASE-248,Undisclosed Principal Trading with Advisory Clients,broker_conduct,Broker/customer trading conduct,AccountGrain,AccountGrain;TraderGrain;ClientOrderWindowGrain;PositionGrain;RuleEvaluationWorkerGrain,ClientOrderEvent;ExecutionEvent;AccountAuthorizationEvent;FeeEvent;PositionEvent,Auction Indicative-Price Impact; Price Impact; Volume Participation; Time / Price / Quantity Matching; Trade-Report Timing / Accuracy,"Rules + account, fee, authorization and broker records; AI not required",Not required.
CASE-249,Improper Agency-Cross Transaction,broker_conduct,Broker/customer trading conduct,AccountGrain,AccountGrain;TraderGrain;ClientOrderWindowGrain;PositionGrain;RuleEvaluationWorkerGrain,ClientOrderEvent;ExecutionEvent;AccountAuthorizationEvent;FeeEvent;PositionEvent,Self / Related Beneficial Owner; Related-Account Graph; Time / Price / Quantity Matching,"Rules + account, fee, authorization and broker records; AI not required",Not required.
CASE-250,Wrap-Fee Trading-Away Cost Concealment,broker_conduct,Broker/customer trading conduct,AccountGrain,AccountGrain;TraderGrain;ClientOrderWindowGrain;PositionGrain;RuleEvaluationWorkerGrain,ClientOrderEvent;ExecutionEvent;AccountAuthorizationEvent;FeeEvent;PositionEvent,Price Impact; Volume Participation; Rapid Position Reversal,"Rules + account, fee, authorization and broker records; AI not required",Not required.
CASE-251,Fully Paid Securities Lending Without Proper Consent or Disclosure,securities_lending,Securities lending abuse,SecuritiesLoanGrain,SecuritiesLoanGrain;PositionGrain;AccountGrain;BeneficialOwnerGrain;RuleEvaluationWorkerGrain,SecuritiesLoanEvent;CollateralEvent;SettlementEvent;AccountReference,Short / Borrow / Settlement Status; Position Concentration; Liquidity Concentration,Rules + securities-lending data; AI not required,Not required.
CASE-252,Unsuitable Fully Paid Securities Lending,securities_lending,Securities lending abuse,SecuritiesLoanGrain,SecuritiesLoanGrain;PositionGrain;AccountGrain;BeneficialOwnerGrain;RuleEvaluationWorkerGrain,SecuritiesLoanEvent;CollateralEvent;SettlementEvent;AccountReference,Short / Borrow / Settlement Status; Position Concentration; Liquidity Concentration,Rules + securities-lending data; AI not required,Not required.
CASE-253,Improper Short-Exempt Marking,short_settlement,Short sale / borrow / settlement abuse,ShortSettlementGrain,ShortSettlementGrain;PositionGrain;ParticipantInstrumentGrain;AccountGrain;RuleEvaluationWorkerGrain,ShortSaleEvent;BorrowLocateEvent;SettlementEvent;ExecutionEvent;PositionEvent,Short / Borrow / Settlement Status; Position Concentration,Rules + borrow/locate/settlement data; AI not required,Not required.
CASE-254,Short-Sale Circuit-Breaker Exemption Abuse,short_settlement,Short sale / borrow / settlement abuse,ShortSettlementGrain,ShortSettlementGrain;PositionGrain;ParticipantInstrumentGrain;AccountGrain;RuleEvaluationWorkerGrain,ShortSaleEvent;BorrowLocateEvent;SettlementEvent;ExecutionEvent;PositionEvent,Short / Borrow / Settlement Status; Position Concentration,Rules + borrow/locate/settlement data; AI not required,Not required.
CASE-255,Stop-Loss Trigger Manipulation,price_momentum,Price / momentum / tape manipulation,InstrumentGrain,InstrumentGrain;OrderBookGrain;ParticipantInstrumentGrain;PositionGrain;RuleEvaluationWorkerGrain,ExecutionEvent;OrderEvent;MarketStateEvent,Displayed-Size Anomaly; Multi-Level Depth Pressure; Price Impact; Liquidity Concentration,Rules; external promotion data may enrich pump/rumor variants,Not required for core detection.
CASE-256,Tender-Offer Outside-Purchase / Unequal-Consideration Abuse,offering,IPO / offering / distribution / stabilization abuse,CorporateEventGrain,CorporateEventGrain;ParticipantInstrumentGrain;PositionGrain;InstrumentGrain;RuleEvaluationWorkerGrain,OfferingEvent;AllocationEvent;ExecutionEvent;OrderEvent;PositionEvent,Displayed-Size Anomaly; Multi-Level Depth Pressure; Price Impact; Liquidity Concentration; Pre-Event Abnormal Trading,Rules + offering/tender reference data; AI not required,Not required.
CASE-257,Short Tendering,offering,IPO / offering / distribution / stabilization abuse,CorporateEventGrain,CorporateEventGrain;ParticipantInstrumentGrain;PositionGrain;InstrumentGrain;RuleEvaluationWorkerGrain,OfferingEvent;AllocationEvent;ExecutionEvent;OrderEvent;PositionEvent,Displayed-Size Anomaly; Multi-Level Depth Pressure; Price Impact; Liquidity Concentration; Pre-Event Abnormal Trading,Rules + offering/tender reference data; AI not required,Not required.
CASE-258,Hedged Tendering,offering,IPO / offering / distribution / stabilization abuse,CorporateEventGrain,CorporateEventGrain;ParticipantInstrumentGrain;PositionGrain;InstrumentGrain;RuleEvaluationWorkerGrain,OfferingEvent;AllocationEvent;ExecutionEvent;OrderEvent;PositionEvent,Pre-Event Abnormal Trading; Benchmark-Window Participation; Price Impact,Rules + offering/tender reference data; AI not required,Not required.
CASE-259,Improper ADR Pre-Release,position_flow,Corner / squeeze / concentration / inventory flow,PositionGrain,PositionGrain;InstrumentGrain;BeneficialOwnerGrain;ParticipantInstrumentGrain;RuleEvaluationWorkerGrain,PositionEvent;HoldingEvent;ExecutionEvent;FloatReferenceEvent;BorrowLocateEvent,Self / Related Beneficial Owner; Related-Account Graph; Time / Price / Quantity Matching,Rules + ownership/transfer/reference data; AI not required,Not required.
CASE-260,Interfund Cross-Trade Conflict Abuse,broker_conduct,Broker/customer trading conduct,AccountGrain,AccountGrain;TraderGrain;ClientOrderWindowGrain;PositionGrain;RuleEvaluationWorkerGrain,ClientOrderEvent;ExecutionEvent;AccountAuthorizationEvent;FeeEvent;PositionEvent,Time / Price / Quantity Matching; Trade-Report Timing / Accuracy; Price Impact,"Rules + account, fee, authorization and broker records; AI not required",Not required.
CASE-261,Interfund Cross-Trade Mispricing,broker_conduct,Broker/customer trading conduct,AccountGrain,AccountGrain;TraderGrain;ClientOrderWindowGrain;PositionGrain;RuleEvaluationWorkerGrain,ClientOrderEvent;ExecutionEvent;AccountAuthorizationEvent;FeeEvent;PositionEvent,Time / Price / Quantity Matching; Trade-Report Timing / Accuracy; Price Impact,"Rules + account, fee, authorization and broker records; AI not required",Not required.
CASE-262,Derivative-Based Beneficial-Ownership Evasion,coordination,Related-account / coordinated-group behavior,CoordinationWindowGrain,CoordinationWindowGrain;RelationshipGrain;AccountGrain;BeneficialOwnerGrain;ParticipantInstrumentGrain;RuleEvaluationWorkerGrain,ExecutionEvent;OrderEvent;RelationshipEvent;AccountReference,Cross-Product Economic Benefit; Price Impact; Volume Participation; Related-Account Graph; Position Concentration,Rules + relationship/beneficial-owner data; AI/ML optional for unknown clusters,Optional later for discovering unknown clusters; known relationships remain deterministic.
CASE-263,Intentional Schedule 13D Ownership Concealment,coordination,Related-account / coordinated-group behavior,CoordinationWindowGrain,CoordinationWindowGrain;RelationshipGrain;AccountGrain;BeneficialOwnerGrain;ParticipantInstrumentGrain;RuleEvaluationWorkerGrain,ExecutionEvent;OrderEvent;RelationshipEvent;AccountReference,Auction Indicative-Price Impact; Price Impact; Volume Participation; Related-Account Graph; Position Concentration,Rules + relationship/beneficial-owner data; AI/ML optional for unknown clusters,Optional later for discovering unknown clusters; known relationships remain deterministic.
CASE-264,Hidden Beneficial-Ownership Group,coordination,Related-account / coordinated-group behavior,CoordinationWindowGrain,CoordinationWindowGrain;RelationshipGrain;AccountGrain;BeneficialOwnerGrain;ParticipantInstrumentGrain;RuleEvaluationWorkerGrain,ExecutionEvent;OrderEvent;RelationshipEvent;AccountReference,Self / Related Beneficial Owner; Related-Account Graph; Time / Price / Quantity Matching,Rules + relationship/beneficial-owner data; AI/ML optional for unknown clusters,Optional later for discovering unknown clusters; known relationships remain deterministic.
CASE-265,Late Beneficial-Ownership Filing After Threshold Crossing,coordination,Related-account / coordinated-group behavior,CoordinationWindowGrain,CoordinationWindowGrain;RelationshipGrain;AccountGrain;BeneficialOwnerGrain;ParticipantInstrumentGrain;RuleEvaluationWorkerGrain,ExecutionEvent;OrderEvent;RelationshipEvent;AccountReference,Related-Account Graph; Position Concentration,Rules + relationship/beneficial-owner data; AI/ML optional for unknown clusters,Optional later for discovering unknown clusters; known relationships remain deterministic.
CASE-266,Manufactured Credit Event,cross_product,Cross-product / derivative / ETF / index manipulation,InstrumentRelationGrain,InstrumentRelationGrain;PositionGrain;InstrumentGrain;ParticipantInstrumentGrain;BenchmarkWindowGrain;RuleEvaluationWorkerGrain,ExecutionEvent;OrderEvent;PositionEvent;InstrumentRelationEvent;ReferencePriceEvent,Cross-Product Economic Benefit; Price Impact; Volume Participation,Rules; AI not required,Not required.
CASE-267,Security-Based-Swap Payment/Delivery Manipulation,cross_product,Cross-product / derivative / ETF / index manipulation,InstrumentRelationGrain,InstrumentRelationGrain;PositionGrain;InstrumentGrain;ParticipantInstrumentGrain;BenchmarkWindowGrain;RuleEvaluationWorkerGrain,ExecutionEvent;OrderEvent;PositionEvent;InstrumentRelationEvent;ReferencePriceEvent,Cross-Product Economic Benefit; Price Impact; Volume Participation; Short / Borrow / Settlement Status; Position Concentration,Rules; AI not required,Not required.
CASE-268,Security-Based-Swap Valuation Manipulation,benchmark,Benchmark / VWAP / TWAP / settlement reference abuse,BenchmarkWindowGrain,BenchmarkWindowGrain;InstrumentGrain;ParticipantInstrumentGrain;PositionGrain;InstrumentRelationGrain;RuleEvaluationWorkerGrain,ExecutionEvent;BenchmarkEvent;PositionEvent;ReferencePriceEvent,Benchmark-Window Participation; Price Impact; Volume Participation; Cross-Product Economic Benefit,Rules; AI not required,Not required.
CASE-269,Retail Execution-Quality Misrepresentation,routing_venue,Routing / execution quality / ATS / venue conflict,RoutingQualityGrain,RoutingQualityGrain;ClientOrderWindowGrain;ParticipantInstrumentGrain;VenueGrain;RuleEvaluationWorkerGrain,ClientOrderEvent;RoutingDecisionEvent;ExecutionEvent;VenueFeeEvent;NBBOEvent,Displayed-Size Anomaly; Multi-Level Depth Pressure; Price Impact; Liquidity Concentration,Rules + routing/venue configuration and fee data; AI not required,Not required.
CASE-270,Internalization Profit at Customer Expense,routing_venue,Routing / execution quality / ATS / venue conflict,RoutingQualityGrain,RoutingQualityGrain;ClientOrderWindowGrain;ParticipantInstrumentGrain;VenueGrain;RuleEvaluationWorkerGrain,ClientOrderEvent;RoutingDecisionEvent;ExecutionEvent;VenueFeeEvent;NBBOEvent,Cross-Venue Synchronization; Trade-Report Timing / Accuracy; Price Impact,Rules + routing/venue configuration and fee data; AI not required,Not required.
CASE-271,Issuer Buyback While Possessing MNPI,insider,Insider dealing / MNPI-linked trading,CorporateEventGrain,CorporateEventGrain;RelationshipGrain;BeneficialOwnerGrain;ParticipantInstrumentGrain;PositionGrain;RuleEvaluationWorkerGrain,ExecutionEvent;CorporateEvent;InsiderRelationshipEvent;HoldingEvent,Pre-Event Abnormal Trading; Related-Account Graph,Rules + external/reference data; AI not required,Future NLP can enrich event/news understanding; deterministic trade-event correlation remains the core.
CASE-272,Dark-Pool Subscriber Information Trading Abuse,routing_venue,Routing / execution quality / ATS / venue conflict,RoutingQualityGrain,RoutingQualityGrain;ClientOrderWindowGrain;ParticipantInstrumentGrain;VenueGrain;RuleEvaluationWorkerGrain,ClientOrderEvent;RoutingDecisionEvent;ExecutionEvent;VenueFeeEvent;NBBOEvent,Self / Related Beneficial Owner; Related-Account Graph; Time / Price / Quantity Matching; Pre-Event Abnormal Trading; Price Impact,Rules + routing/venue configuration and fee data; AI not required,Not required.
CASE-273,Dark-Pool Subscriber Information Marketing Abuse,routing_venue,Routing / execution quality / ATS / venue conflict,RoutingQualityGrain,RoutingQualityGrain;ClientOrderWindowGrain;ParticipantInstrumentGrain;VenueGrain;RuleEvaluationWorkerGrain,ClientOrderEvent;RoutingDecisionEvent;ExecutionEvent;VenueFeeEvent;NBBOEvent,Cross-Venue Synchronization; Trade-Report Timing / Accuracy; Price Impact,Rules + routing/venue configuration and fee data; AI not required,Not required.
CASE-274,Secret Proprietary Desk Inside an ATS,routing_venue,Routing / execution quality / ATS / venue conflict,RoutingQualityGrain,RoutingQualityGrain;ClientOrderWindowGrain;ParticipantInstrumentGrain;VenueGrain;RuleEvaluationWorkerGrain,ClientOrderEvent;RoutingDecisionEvent;ExecutionEvent;VenueFeeEvent;NBBOEvent,Auction Indicative-Price Impact; Price Impact; Volume Participation; Cross-Venue Synchronization; Trade-Report Timing / Accuracy,Rules + routing/venue configuration and fee data; AI not required,Not required.
CASE-275,Hidden Affiliate Counterparty Dominance,routing_venue,Routing / execution quality / ATS / venue conflict,RoutingQualityGrain,RoutingQualityGrain;ClientOrderWindowGrain;ParticipantInstrumentGrain;VenueGrain;RuleEvaluationWorkerGrain,ClientOrderEvent;RoutingDecisionEvent;ExecutionEvent;VenueFeeEvent;NBBOEvent,Self / Related Beneficial Owner; Related-Account Graph; Time / Price / Quantity Matching; Cross-Venue Synchronization; Trade-Report Timing / Accuracy,Rules + routing/venue configuration and fee data; AI not required,Not required.
CASE-276,False Dark-Pool Anti-Predatory-Trading Claims,routing_venue,Routing / execution quality / ATS / venue conflict,RoutingQualityGrain,RoutingQualityGrain;ClientOrderWindowGrain;ParticipantInstrumentGrain;VenueGrain;RuleEvaluationWorkerGrain,ClientOrderEvent;RoutingDecisionEvent;ExecutionEvent;VenueFeeEvent;NBBOEvent,Cross-Product Economic Benefit; Price Impact; Volume Participation; Cross-Venue Synchronization; Trade-Report Timing / Accuracy,Rules + routing/venue configuration and fee data; AI not required,Not required.
CASE-277,Undisclosed Preferential ATS Order Type,routing_venue,Routing / execution quality / ATS / venue conflict,RoutingQualityGrain,RoutingQualityGrain;ClientOrderWindowGrain;ParticipantInstrumentGrain;VenueGrain;RuleEvaluationWorkerGrain,ClientOrderEvent;RoutingDecisionEvent;ExecutionEvent;VenueFeeEvent;NBBOEvent,Auction Indicative-Price Impact; Price Impact; Volume Participation; Cross-Venue Synchronization; Trade-Report Timing / Accuracy,Rules + routing/venue configuration and fee data; AI not required,Not required.
CASE-278,Sub-Penny Priority Jumping,routing_venue,Routing / execution quality / ATS / venue conflict,RoutingQualityGrain,RoutingQualityGrain;ClientOrderWindowGrain;ParticipantInstrumentGrain;VenueGrain;RuleEvaluationWorkerGrain,ClientOrderEvent;RoutingDecisionEvent;ExecutionEvent;VenueFeeEvent;NBBOEvent,Cross-Venue Synchronization; Trade-Report Timing / Accuracy; Price Impact; Volume Participation; Position Concentration,Rules + routing/venue configuration and fee data; AI not required,Not required.
CASE-279,Selective ATS Functionality Access,benchmark,Benchmark / VWAP / TWAP / settlement reference abuse,BenchmarkWindowGrain,BenchmarkWindowGrain;InstrumentGrain;ParticipantInstrumentGrain;PositionGrain;InstrumentRelationGrain;RuleEvaluationWorkerGrain,ExecutionEvent;BenchmarkEvent;PositionEvent;ReferencePriceEvent,Benchmark-Window Participation; Price Impact; Volume Participation; Cross-Venue Synchronization; Trade-Report Timing / Accuracy,Rules; AI not required,Not required.
CASE-280,Execution-Venue Masking,reporting,Trade reporting / publication / identifier manipulation,TradeReportingGrain,TradeReportingGrain;ParticipantInstrumentGrain;AccountGrain;RelationshipGrain;RuleEvaluationWorkerGrain,ExecutionEvent;TradeReportEvent;IdentifierEvent;MarketDataPublicationEvent,Trade-Report Timing / Accuracy; Time / Price / Quantity Matching,Rules; AI not required,Not required.
CASE-281,Selective Early Market-Data Dissemination,routing_venue,Routing / execution quality / ATS / venue conflict,RoutingQualityGrain,RoutingQualityGrain;ClientOrderWindowGrain;ParticipantInstrumentGrain;VenueGrain;RuleEvaluationWorkerGrain,ClientOrderEvent;RoutingDecisionEvent;ExecutionEvent;VenueFeeEvent;NBBOEvent,Self / Related Beneficial Owner; Related-Account Graph; Time / Price / Quantity Matching,Rules + routing/venue configuration and fee data; AI not required,Not required.
CASE-282,Selective Advance Distribution of Research,offering,IPO / offering / distribution / stabilization abuse,CorporateEventGrain,CorporateEventGrain;ParticipantInstrumentGrain;PositionGrain;InstrumentGrain;RuleEvaluationWorkerGrain,OfferingEvent;AllocationEvent;ExecutionEvent;OrderEvent;PositionEvent,Volume Participation; Pre-Event Abnormal Trading; Price Impact,Rules + offering/tender reference data; AI not required,Not required.
CASE-283,Analyst Trading Against Own Recommendation,communications,Promotion / rumor / communications-linked trading,ParticipantInstrumentGrain,ParticipantInstrumentGrain;PositionGrain;RelationshipGrain;CorporateEventGrain;RuleEvaluationWorkerGrain,ExecutionEvent;OrderEvent;PromotionSignal;NewsEvent;RelationshipEvent,Price Impact; Volume Participation; Rapid Position Reversal,"Rules + external communications/news data; AI helpful for text meaning, not required for trade-pattern leg",Future AI is useful for text meaning and communications analysis. Trade-side detection remains deterministic.
CASE-284,Research-Analyst Blackout Trading,communications,Promotion / rumor / communications-linked trading,ParticipantInstrumentGrain,ParticipantInstrumentGrain;PositionGrain;RelationshipGrain;CorporateEventGrain;RuleEvaluationWorkerGrain,ExecutionEvent;OrderEvent;PromotionSignal;NewsEvent;RelationshipEvent,Trade-Report Timing / Accuracy; Time / Price / Quantity Matching,"Rules + external communications/news data; AI helpful for text meaning, not required for trade-pattern leg",Future AI is useful for text meaning and communications analysis. Trade-side detection remains deterministic.
CASE-285,Research-Analyst Selective MNPI Disclosure,insider,Insider dealing / MNPI-linked trading,CorporateEventGrain,CorporateEventGrain;RelationshipGrain;BeneficialOwnerGrain;ParticipantInstrumentGrain;PositionGrain;RuleEvaluationWorkerGrain,ExecutionEvent;CorporateEvent;InsiderRelationshipEvent;HoldingEvent,Cross-Product Economic Benefit; Price Impact; Volume Participation; Pre-Event Abnormal Trading; Related-Account Graph,Rules + external/reference data; AI not required,Future NLP can enrich event/news understanding; deterministic trade-event correlation remains the core.
CASE-286,False Securities-Loan Reporting,securities_lending,Securities lending abuse,SecuritiesLoanGrain,SecuritiesLoanGrain;PositionGrain;AccountGrain;BeneficialOwnerGrain;RuleEvaluationWorkerGrain,SecuritiesLoanEvent;CollateralEvent;SettlementEvent;AccountReference,Self / Related Beneficial Owner; Related-Account Graph; Time / Price / Quantity Matching,Rules + securities-lending data; AI not required,Not required.
CASE-287,Securities-Loan Quantity Misreporting,securities_lending,Securities lending abuse,SecuritiesLoanGrain,SecuritiesLoanGrain;PositionGrain;AccountGrain;BeneficialOwnerGrain;RuleEvaluationWorkerGrain,SecuritiesLoanEvent;CollateralEvent;SettlementEvent;AccountReference,Short / Borrow / Settlement Status; Position Concentration; Liquidity Concentration,Rules + securities-lending data; AI not required,Not required.
CASE-288,Securities-Loan Rate / Fee Misreporting,securities_lending,Securities lending abuse,SecuritiesLoanGrain,SecuritiesLoanGrain;PositionGrain;AccountGrain;BeneficialOwnerGrain;RuleEvaluationWorkerGrain,SecuritiesLoanEvent;CollateralEvent;SettlementEvent;AccountReference,Displayed-Size Anomaly; Multi-Level Depth Pressure; Price Impact; Liquidity Concentration; Short / Borrow / Settlement Status,Rules + securities-lending data; AI not required,Not required.
CASE-289,Securities-Loan Modification Concealment,securities_lending,Securities lending abuse,SecuritiesLoanGrain,SecuritiesLoanGrain;PositionGrain;AccountGrain;BeneficialOwnerGrain;RuleEvaluationWorkerGrain,SecuritiesLoanEvent;CollateralEvent;SettlementEvent;AccountReference,Self / Related Beneficial Owner; Related-Account Graph; Time / Price / Quantity Matching,Rules + securities-lending data; AI not required,Not required.
CASE-290,Undercollateralized Customer Securities Borrowing,securities_lending,Securities lending abuse,SecuritiesLoanGrain,SecuritiesLoanGrain;PositionGrain;AccountGrain;BeneficialOwnerGrain;RuleEvaluationWorkerGrain,SecuritiesLoanEvent;CollateralEvent;SettlementEvent;AccountReference,Self / Related Beneficial Owner; Related-Account Graph; Time / Price / Quantity Matching,Rules + securities-lending data; AI not required,Not required.
CASE-291,Customer Fully-Paid Securities Possession/Control Abuse,securities_lending,Securities lending abuse,SecuritiesLoanGrain,SecuritiesLoanGrain;PositionGrain;AccountGrain;BeneficialOwnerGrain;RuleEvaluationWorkerGrain,SecuritiesLoanEvent;CollateralEvent;SettlementEvent;AccountReference,Self / Related Beneficial Owner; Related-Account Graph; Time / Price / Quantity Matching,Rules + securities-lending data; AI not required,Not required.
CASE-292,Customer Reserve Requirement Manipulation Through Affiliates,broker_conduct,Broker/customer trading conduct,AccountGrain,AccountGrain;TraderGrain;ClientOrderWindowGrain;PositionGrain;RuleEvaluationWorkerGrain,ClientOrderEvent;ExecutionEvent;AccountAuthorizationEvent;FeeEvent;PositionEvent,Self / Related Beneficial Owner; Related-Account Graph; Time / Price / Quantity Matching,"Rules + account, fee, authorization and broker records; AI not required",Not required.
CASE-293,Inside-Spread Spoofing,spoof_layer,Spoofing / layering / deceptive liquidity,OrderBookGrain,OrderBookGrain;ParticipantInstrumentGrain;TraderGrain;AccountGrain;RuleEvaluationWorkerGrain,OrderEvent;ExecutionEvent;BookSnapshot,Cancellation Ratio; Order Lifetime; Displayed-Size Anomaly; Multi-Level Depth Pressure; Opposite-Side Execution,Rules; AI not required,Not required for core detection.
CASE-294,Best-Bid Spoofing,spoof_layer,Spoofing / layering / deceptive liquidity,OrderBookGrain,OrderBookGrain;ParticipantInstrumentGrain;TraderGrain;AccountGrain;RuleEvaluationWorkerGrain,OrderEvent;ExecutionEvent;BookSnapshot,Cancellation Ratio; Order Lifetime; Displayed-Size Anomaly; Multi-Level Depth Pressure; Opposite-Side Execution,Rules; AI not required,Not required for core detection.
CASE-295,Best-Offer Spoofing,spoof_layer,Spoofing / layering / deceptive liquidity,OrderBookGrain,OrderBookGrain;ParticipantInstrumentGrain;TraderGrain;AccountGrain;RuleEvaluationWorkerGrain,OrderEvent;ExecutionEvent;BookSnapshot,Cancellation Ratio; Order Lifetime; Displayed-Size Anomaly; Multi-Level Depth Pressure; Opposite-Side Execution,Rules; AI not required,Not required for core detection.
CASE-296,Away-From-Touch Spoofing,spoof_layer,Spoofing / layering / deceptive liquidity,OrderBookGrain,OrderBookGrain;ParticipantInstrumentGrain;TraderGrain;AccountGrain;RuleEvaluationWorkerGrain,OrderEvent;ExecutionEvent;BookSnapshot,Cancellation Ratio; Order Lifetime; Displayed-Size Anomaly; Multi-Level Depth Pressure; Opposite-Side Execution,Rules; AI not required,Not required for core detection.
CASE-297,Cancel-on-Touch Spoofing,spoof_layer,Spoofing / layering / deceptive liquidity,OrderBookGrain,OrderBookGrain;ParticipantInstrumentGrain;TraderGrain;AccountGrain;RuleEvaluationWorkerGrain,OrderEvent;ExecutionEvent;BookSnapshot,Cancellation Ratio; Order Lifetime; Displayed-Size Anomaly; Multi-Level Depth Pressure; Opposite-Side Execution,Rules; AI not required,Not required for core detection.
CASE-298,Replenishing Spoof Orders,spoof_layer,Spoofing / layering / deceptive liquidity,OrderBookGrain,OrderBookGrain;ParticipantInstrumentGrain;TraderGrain;AccountGrain;RuleEvaluationWorkerGrain,OrderEvent;ExecutionEvent;BookSnapshot,Cancellation Ratio; Order Lifetime; Displayed-Size Anomaly; Multi-Level Depth Pressure; Opposite-Side Execution,Rules; AI not required,Not required for core detection.
CASE-299,Moving-Wall Manipulation,spoof_layer,Spoofing / layering / deceptive liquidity,OrderBookGrain,OrderBookGrain;ParticipantInstrumentGrain;TraderGrain;AccountGrain;RuleEvaluationWorkerGrain,OrderEvent;ExecutionEvent;BookSnapshot,Displayed-Size Anomaly; Multi-Level Depth Pressure; Price Impact; Liquidity Concentration,Rules; AI not required,Not required for core detection.
CASE-300,Fake Support Wall,spoof_layer,Spoofing / layering / deceptive liquidity,OrderBookGrain,OrderBookGrain;ParticipantInstrumentGrain;TraderGrain;AccountGrain;RuleEvaluationWorkerGrain,OrderEvent;ExecutionEvent;BookSnapshot,Displayed-Size Anomaly; Multi-Level Depth Pressure; Price Impact; Liquidity Concentration; Volume Participation,Rules; AI not required,Not required for core detection.
CASE-301,Fake Resistance Wall,spoof_layer,Spoofing / layering / deceptive liquidity,OrderBookGrain,OrderBookGrain;ParticipantInstrumentGrain;TraderGrain;AccountGrain;RuleEvaluationWorkerGrain,OrderEvent;ExecutionEvent;BookSnapshot,Displayed-Size Anomaly; Multi-Level Depth Pressure; Price Impact; Liquidity Concentration,Rules; AI not required,Not required for core detection.
CASE-302,Synthetic Depth Creation,book_pressure,Order-book pressure / quote manipulation,OrderBookGrain,OrderBookGrain;InstrumentGrain;ParticipantInstrumentGrain;RuleEvaluationWorkerGrain,OrderEvent;ExecutionEvent;BookSnapshot,Displayed-Size Anomaly; Multi-Level Depth Pressure; Price Impact; Liquidity Concentration,Rules; AI not required,Not required for core detection.
CASE-303,Depth Withdrawal Manipulation,coordination,Related-account / coordinated-group behavior,CoordinationWindowGrain,CoordinationWindowGrain;RelationshipGrain;AccountGrain;BeneficialOwnerGrain;ParticipantInstrumentGrain;RuleEvaluationWorkerGrain,ExecutionEvent;OrderEvent;RelationshipEvent;AccountReference,Displayed-Size Anomaly; Multi-Level Depth Pressure; Price Impact; Liquidity Concentration; Self / Related Beneficial Owner,Rules + relationship/beneficial-owner data; AI/ML optional for unknown clusters,Optional later for discovering unknown clusters; known relationships remain deterministic.
CASE-304,Liquidity-Vacuum Manipulation,price_momentum,Price / momentum / tape manipulation,InstrumentGrain,InstrumentGrain;OrderBookGrain;ParticipantInstrumentGrain;PositionGrain;RuleEvaluationWorkerGrain,ExecutionEvent;OrderEvent;MarketStateEvent,Price Impact; Volume Participation; Rapid Position Reversal,Rules; external promotion data may enrich pump/rumor variants,Not required for core detection.
CASE-305,Quote-Fade Manipulation,book_pressure,Order-book pressure / quote manipulation,OrderBookGrain,OrderBookGrain;InstrumentGrain;ParticipantInstrumentGrain;RuleEvaluationWorkerGrain,OrderEvent;ExecutionEvent;BookSnapshot,Displayed-Size Anomaly; Multi-Level Depth Pressure; Price Impact; Liquidity Concentration,Rules; AI not required,Not required for core detection.
CASE-306,Bait-and-Switch Quoting,book_pressure,Order-book pressure / quote manipulation,OrderBookGrain,OrderBookGrain;InstrumentGrain;ParticipantInstrumentGrain;RuleEvaluationWorkerGrain,OrderEvent;ExecutionEvent;BookSnapshot,Displayed-Size Anomaly; Multi-Level Depth Pressure; Price Impact; Liquidity Concentration,Rules; AI not required,Not required for core detection.
CASE-307,Queue-Position Manipulation,probing_algo,Probing / algorithmic liquidity discovery abuse,OrderBookGrain,OrderBookGrain;ParticipantInstrumentGrain;InstrumentGrain;RuleEvaluationWorkerGrain,OrderEvent;ExecutionEvent;BookSnapshot,Order-Message Burst Rate; Order Lifetime; Cross-Venue Synchronization,Rules; AI/ML optional for adaptive algorithm patterns,Optional later for adaptive/novel algorithm patterns; core scenarios are rules.
CASE-308,Queue-Depletion Manipulation,book_pressure,Order-book pressure / quote manipulation,OrderBookGrain,OrderBookGrain;InstrumentGrain;ParticipantInstrumentGrain;RuleEvaluationWorkerGrain,OrderEvent;ExecutionEvent;BookSnapshot,Order-Message Burst Rate; Order Lifetime; Cross-Venue Synchronization,Rules; AI not required,Not required for core detection.
CASE-309,Order-Priority Gaming with Related Accounts,coordination,Related-account / coordinated-group behavior,CoordinationWindowGrain,CoordinationWindowGrain;RelationshipGrain;AccountGrain;BeneficialOwnerGrain;ParticipantInstrumentGrain;RuleEvaluationWorkerGrain,ExecutionEvent;OrderEvent;RelationshipEvent;AccountReference,Self / Related Beneficial Owner; Related-Account Graph; Time / Price / Quantity Matching; Order-Message Burst Rate; Order Lifetime,Rules + relationship/beneficial-owner data; AI/ML optional for unknown clusters,Optional later for discovering unknown clusters; known relationships remain deterministic.
CASE-310,Minimum-Quantity Probing Abuse,probing_algo,Probing / algorithmic liquidity discovery abuse,OrderBookGrain,OrderBookGrain;ParticipantInstrumentGrain;InstrumentGrain;RuleEvaluationWorkerGrain,OrderEvent;ExecutionEvent;BookSnapshot,Order-Message Burst Rate; Order Lifetime; Cross-Venue Synchronization,Rules; AI/ML optional for adaptive algorithm patterns,Optional later for adaptive/novel algorithm patterns; core scenarios are rules.
CASE-311,IOC Liquidity-Probing Abuse,probing_algo,Probing / algorithmic liquidity discovery abuse,OrderBookGrain,OrderBookGrain;ParticipantInstrumentGrain;InstrumentGrain;RuleEvaluationWorkerGrain,OrderEvent;ExecutionEvent;BookSnapshot,Order-Message Burst Rate; Order Lifetime; Cross-Venue Synchronization,Rules; AI/ML optional for adaptive algorithm patterns,Optional later for adaptive/novel algorithm patterns; core scenarios are rules.
CASE-312,FOK Liquidity-Probing Abuse,probing_algo,Probing / algorithmic liquidity discovery abuse,OrderBookGrain,OrderBookGrain;ParticipantInstrumentGrain;InstrumentGrain;RuleEvaluationWorkerGrain,OrderEvent;ExecutionEvent;BookSnapshot,Order-Message Burst Rate; Order Lifetime; Cross-Venue Synchronization,Rules; AI/ML optional for adaptive algorithm patterns,Optional later for adaptive/novel algorithm patterns; core scenarios are rules.
CASE-313,Odd-Lot Quote Shaping,book_pressure,Order-book pressure / quote manipulation,OrderBookGrain,OrderBookGrain;InstrumentGrain;ParticipantInstrumentGrain;RuleEvaluationWorkerGrain,OrderEvent;ExecutionEvent;BookSnapshot,Displayed-Size Anomaly; Multi-Level Depth Pressure; Price Impact; Liquidity Concentration; Order-Message Burst Rate,Rules; AI not required,Not required for core detection.
CASE-314,Odd-Lot Last-Sale Marking,price_momentum,Price / momentum / tape manipulation,InstrumentGrain,InstrumentGrain;OrderBookGrain;ParticipantInstrumentGrain;PositionGrain;RuleEvaluationWorkerGrain,ExecutionEvent;OrderEvent;MarketStateEvent,Price Impact; Volume Participation; Rapid Position Reversal,Rules; external promotion data may enrich pump/rumor variants,Not required for core detection.
CASE-315,Micro-Order Spoofing,spoof_layer,Spoofing / layering / deceptive liquidity,OrderBookGrain,OrderBookGrain;ParticipantInstrumentGrain;TraderGrain;AccountGrain;RuleEvaluationWorkerGrain,OrderEvent;ExecutionEvent;BookSnapshot,Cancellation Ratio; Order Lifetime; Displayed-Size Anomaly; Multi-Level Depth Pressure; Opposite-Side Execution,Rules; AI not required,Not required for core detection.
CASE-316,Microburst Spoofing,spoof_layer,Spoofing / layering / deceptive liquidity,OrderBookGrain,OrderBookGrain;ParticipantInstrumentGrain;TraderGrain;AccountGrain;RuleEvaluationWorkerGrain,OrderEvent;ExecutionEvent;BookSnapshot,Cancellation Ratio; Order Lifetime; Displayed-Size Anomaly; Multi-Level Depth Pressure; Opposite-Side Execution,Rules; AI not required,Not required for core detection.
CASE-317,Cross-Symbol Quote Stuffing,message_abuse,Message-rate / stuffing / burst abuse,ParticipantInstrumentGrain,ParticipantInstrumentGrain;OrderBookGrain;TraderGrain;RuleEvaluationWorkerGrain,OrderEvent;OrderAckEvent;MarketPhaseEvent,Displayed-Size Anomaly; Multi-Level Depth Pressure; Price Impact; Liquidity Concentration; Order-Message Burst Rate,Rules; AI not required,Not required.
CASE-318,Feed-Delay Quote Stuffing,message_abuse,Message-rate / stuffing / burst abuse,ParticipantInstrumentGrain,ParticipantInstrumentGrain;OrderBookGrain;TraderGrain;RuleEvaluationWorkerGrain,OrderEvent;OrderAckEvent;MarketPhaseEvent,Displayed-Size Anomaly; Multi-Level Depth Pressure; Price Impact; Liquidity Concentration; Order-Message Burst Rate,Rules; AI not required,Not required.
CASE-319,Locked-Market Inducement,book_pressure,Order-book pressure / quote manipulation,OrderBookGrain,OrderBookGrain;InstrumentGrain;ParticipantInstrumentGrain;RuleEvaluationWorkerGrain,OrderEvent;ExecutionEvent;BookSnapshot,Displayed-Size Anomaly; Multi-Level Depth Pressure; Price Impact; Liquidity Concentration,Rules; AI not required,Not required for core detection.
CASE-320,Crossed-Market Inducement,book_pressure,Order-book pressure / quote manipulation,OrderBookGrain,OrderBookGrain;InstrumentGrain;ParticipantInstrumentGrain;RuleEvaluationWorkerGrain,OrderEvent;ExecutionEvent;BookSnapshot,Displayed-Size Anomaly; Multi-Level Depth Pressure; Price Impact; Liquidity Concentration,Rules; AI not required,Not required for core detection.
CASE-321,Spread-Widening Manipulation,book_pressure,Order-book pressure / quote manipulation,OrderBookGrain,OrderBookGrain;InstrumentGrain;ParticipantInstrumentGrain;RuleEvaluationWorkerGrain,OrderEvent;ExecutionEvent;BookSnapshot,Displayed-Size Anomaly; Multi-Level Depth Pressure; Price Impact; Liquidity Concentration,Rules; AI not required,Not required for core detection.
CASE-322,Spread-Narrowing Manipulation,book_pressure,Order-book pressure / quote manipulation,OrderBookGrain,OrderBookGrain;InstrumentGrain;ParticipantInstrumentGrain;RuleEvaluationWorkerGrain,OrderEvent;ExecutionEvent;BookSnapshot,Displayed-Size Anomaly; Multi-Level Depth Pressure; Price Impact; Liquidity Concentration,Rules; AI not required,Not required for core detection.
CASE-323,One-Sided Book Pressure Manipulation,book_pressure,Order-book pressure / quote manipulation,OrderBookGrain,OrderBookGrain;InstrumentGrain;ParticipantInstrumentGrain;RuleEvaluationWorkerGrain,OrderEvent;ExecutionEvent;BookSnapshot,Displayed-Size Anomaly; Multi-Level Depth Pressure; Price Impact; Liquidity Concentration,Rules; AI not required,Not required for core detection.
CASE-324,Book-Pressure Flip Manipulation,book_pressure,Order-book pressure / quote manipulation,OrderBookGrain,OrderBookGrain;InstrumentGrain;ParticipantInstrumentGrain;RuleEvaluationWorkerGrain,OrderEvent;ExecutionEvent;BookSnapshot,Displayed-Size Anomaly; Multi-Level Depth Pressure; Price Impact; Liquidity Concentration,Rules; AI not required,Not required for core detection.
CASE-325,Order-Ladder Manipulation,book_pressure,Order-book pressure / quote manipulation,OrderBookGrain,OrderBookGrain;InstrumentGrain;ParticipantInstrumentGrain;RuleEvaluationWorkerGrain,OrderEvent;ExecutionEvent;BookSnapshot,Displayed-Size Anomaly; Multi-Level Depth Pressure; Price Impact; Liquidity Concentration,Rules; AI not required,Not required for core detection.
CASE-326,Reserve-Order Replenishment Manipulation,book_pressure,Order-book pressure / quote manipulation,OrderBookGrain,OrderBookGrain;InstrumentGrain;ParticipantInstrumentGrain;RuleEvaluationWorkerGrain,OrderEvent;ExecutionEvent;BookSnapshot,Displayed-Size Anomaly; Multi-Level Depth Pressure; Price Impact; Liquidity Concentration,Rules; AI not required,Not required for core detection.
CASE-327,Iceberg-Spoof Combination,spoof_layer,Spoofing / layering / deceptive liquidity,OrderBookGrain,OrderBookGrain;ParticipantInstrumentGrain;TraderGrain;AccountGrain;RuleEvaluationWorkerGrain,OrderEvent;ExecutionEvent;BookSnapshot,Cancellation Ratio; Order Lifetime; Displayed-Size Anomaly; Multi-Level Depth Pressure; Opposite-Side Execution,Rules; AI not required,Not required for core detection.
CASE-328,Midpoint-Peg Manipulation,book_pressure,Order-book pressure / quote manipulation,OrderBookGrain,OrderBookGrain;InstrumentGrain;ParticipantInstrumentGrain;RuleEvaluationWorkerGrain,OrderEvent;ExecutionEvent;BookSnapshot,Displayed-Size Anomaly; Multi-Level Depth Pressure; Price Impact; Liquidity Concentration,Rules; AI not required,Not required for core detection.
CASE-329,Pegged-Order Reference Manipulation,benchmark,Benchmark / VWAP / TWAP / settlement reference abuse,BenchmarkWindowGrain,BenchmarkWindowGrain;InstrumentGrain;ParticipantInstrumentGrain;PositionGrain;InstrumentRelationGrain;RuleEvaluationWorkerGrain,ExecutionEvent;BenchmarkEvent;PositionEvent;ReferencePriceEvent,Displayed-Size Anomaly; Multi-Level Depth Pressure; Price Impact; Liquidity Concentration,Rules; AI not required,Not required.
CASE-330,Last-Sale Price Marking,price_momentum,Price / momentum / tape manipulation,InstrumentGrain,InstrumentGrain;OrderBookGrain;ParticipantInstrumentGrain;PositionGrain;RuleEvaluationWorkerGrain,ExecutionEvent;OrderEvent;MarketStateEvent,Price Impact; Volume Participation; Rapid Position Reversal,Rules; external promotion data may enrich pump/rumor variants,Not required for core detection.
CASE-331,Intraday High Marking,price_momentum,Price / momentum / tape manipulation,InstrumentGrain,InstrumentGrain;OrderBookGrain;ParticipantInstrumentGrain;PositionGrain;RuleEvaluationWorkerGrain,ExecutionEvent;OrderEvent;MarketStateEvent,Price Impact; Volume Participation; Rapid Position Reversal,Rules; external promotion data may enrich pump/rumor variants,Not required for core detection.
CASE-332,Intraday Low Marking,price_momentum,Price / momentum / tape manipulation,InstrumentGrain,InstrumentGrain;OrderBookGrain;ParticipantInstrumentGrain;PositionGrain;RuleEvaluationWorkerGrain,ExecutionEvent;OrderEvent;MarketStateEvent,Price Impact; Volume Participation; Rapid Position Reversal,Rules; external promotion data may enrich pump/rumor variants,Not required for core detection.
CASE-333,Microtrade Price Setting,price_momentum,Price / momentum / tape manipulation,InstrumentGrain,InstrumentGrain;OrderBookGrain;ParticipantInstrumentGrain;PositionGrain;RuleEvaluationWorkerGrain,ExecutionEvent;OrderEvent;MarketStateEvent,Price Impact; Volume Participation; Rapid Position Reversal,Rules; external promotion data may enrich pump/rumor variants,Not required for core detection.
CASE-334,Sequence Painting,price_momentum,Price / momentum / tape manipulation,InstrumentGrain,InstrumentGrain;OrderBookGrain;ParticipantInstrumentGrain;PositionGrain;RuleEvaluationWorkerGrain,ExecutionEvent;OrderEvent;MarketStateEvent,Price Impact; Volume Participation; Rapid Position Reversal,Rules; external promotion data may enrich pump/rumor variants,Not required for core detection.
CASE-335,Alternating Print Manipulation,coordination,Related-account / coordinated-group behavior,CoordinationWindowGrain,CoordinationWindowGrain;RelationshipGrain;AccountGrain;BeneficialOwnerGrain;ParticipantInstrumentGrain;RuleEvaluationWorkerGrain,ExecutionEvent;OrderEvent;RelationshipEvent;AccountReference,Price Impact; Volume Participation; Rapid Position Reversal; Self / Related Beneficial Owner; Related-Account Graph,Rules + relationship/beneficial-owner data; AI/ML optional for unknown clusters,Optional later for discovering unknown clusters; known relationships remain deterministic.
CASE-336,Volume-Pulse Manipulation,coordination,Related-account / coordinated-group behavior,CoordinationWindowGrain,CoordinationWindowGrain;RelationshipGrain;AccountGrain;BeneficialOwnerGrain;ParticipantInstrumentGrain;RuleEvaluationWorkerGrain,ExecutionEvent;OrderEvent;RelationshipEvent;AccountReference,Self / Related Beneficial Owner; Related-Account Graph; Time / Price / Quantity Matching,Rules + relationship/beneficial-owner data; AI/ML optional for unknown clusters,Optional later for discovering unknown clusters; known relationships remain deterministic.
CASE-337,Trade-Cluster Momentum Manipulation,price_momentum,Price / momentum / tape manipulation,InstrumentGrain,InstrumentGrain;OrderBookGrain;ParticipantInstrumentGrain;PositionGrain;RuleEvaluationWorkerGrain,ExecutionEvent;OrderEvent;MarketStateEvent,Auction Indicative-Price Impact; Price Impact; Volume Participation,Rules; external promotion data may enrich pump/rumor variants,Not required for core detection.
CASE-338,Quote-and-Trade Combination Manipulation,price_momentum,Price / momentum / tape manipulation,InstrumentGrain,InstrumentGrain;OrderBookGrain;ParticipantInstrumentGrain;PositionGrain;RuleEvaluationWorkerGrain,ExecutionEvent;OrderEvent;MarketStateEvent,Displayed-Size Anomaly; Multi-Level Depth Pressure; Price Impact; Liquidity Concentration,Rules; external promotion data may enrich pump/rumor variants,Not required for core detection.
CASE-339,Uneconomic Value-Transfer Trading,coordination,Related-account / coordinated-group behavior,CoordinationWindowGrain,CoordinationWindowGrain;RelationshipGrain;AccountGrain;BeneficialOwnerGrain;ParticipantInstrumentGrain;RuleEvaluationWorkerGrain,ExecutionEvent;OrderEvent;RelationshipEvent;AccountReference,Self / Related Beneficial Owner; Related-Account Graph; Time / Price / Quantity Matching,Rules + relationship/beneficial-owner data; AI/ML optional for unknown clusters,Optional later for discovering unknown clusters; known relationships remain deterministic.
CASE-340,Profit-Transfer Matched Trading,wash_matched,Wash / matched / self / circular trading,ParticipantInstrumentGrain,ParticipantInstrumentGrain;AccountGrain;BeneficialOwnerGrain;RelationshipGrain;CoordinationWindowGrain;RuleEvaluationWorkerGrain,ExecutionEvent;RelationshipEvent;AccountReference,Self / Related Beneficial Owner; Time / Price / Quantity Matching; Circular Transaction Graph; Related-Account Graph,Rules; AI not required; ownership/reference data strongly improves detection,Optional later for unknown coordination clusters; not required for known-rule detection.
CASE-341,Loss-Transfer Matched Trading,wash_matched,Wash / matched / self / circular trading,ParticipantInstrumentGrain,ParticipantInstrumentGrain;AccountGrain;BeneficialOwnerGrain;RelationshipGrain;CoordinationWindowGrain;RuleEvaluationWorkerGrain,ExecutionEvent;RelationshipEvent;AccountReference,Self / Related Beneficial Owner; Time / Price / Quantity Matching; Circular Transaction Graph; Related-Account Graph,Rules; AI not required; ownership/reference data strongly improves detection,Optional later for unknown coordination clusters; not required for known-rule detection.
CASE-342,Client-to-Proprietary Value Transfer,broker_conduct,Broker/customer trading conduct,AccountGrain,AccountGrain;TraderGrain;ClientOrderWindowGrain;PositionGrain;RuleEvaluationWorkerGrain,ClientOrderEvent;ExecutionEvent;AccountAuthorizationEvent;FeeEvent;PositionEvent,Time / Price / Quantity Matching; Trade-Report Timing / Accuracy; Price Impact,"Rules + account, fee, authorization and broker records; AI not required",Not required.
CASE-343,Proprietary-to-Favored-Client Value Transfer,broker_conduct,Broker/customer trading conduct,AccountGrain,AccountGrain;TraderGrain;ClientOrderWindowGrain;PositionGrain;RuleEvaluationWorkerGrain,ClientOrderEvent;ExecutionEvent;AccountAuthorizationEvent;FeeEvent;PositionEvent,Time / Price / Quantity Matching; Trade-Report Timing / Accuracy; Price Impact,"Rules + account, fee, authorization and broker records; AI not required",Not required.
CASE-344,Multi-Venue Wash Trading,wash_matched,Wash / matched / self / circular trading,ParticipantInstrumentGrain,ParticipantInstrumentGrain;AccountGrain;BeneficialOwnerGrain;RelationshipGrain;CoordinationWindowGrain;RuleEvaluationWorkerGrain,ExecutionEvent;RelationshipEvent;AccountReference,Self / Related Beneficial Owner; Time / Price / Quantity Matching; Circular Transaction Graph; Related-Account Graph; Cross-Venue Synchronization,Rules; AI not required; ownership/reference data strongly improves detection,Optional later for unknown coordination clusters; not required for known-rule detection.
CASE-345,Cross-Product Wash Trading,wash_matched,Wash / matched / self / circular trading,ParticipantInstrumentGrain,ParticipantInstrumentGrain;AccountGrain;BeneficialOwnerGrain;RelationshipGrain;CoordinationWindowGrain;RuleEvaluationWorkerGrain,ExecutionEvent;RelationshipEvent;AccountReference,Self / Related Beneficial Owner; Time / Price / Quantity Matching; Circular Transaction Graph; Cross-Product Economic Benefit; Price Impact,Rules; AI not required; ownership/reference data strongly improves detection,Optional later for unknown coordination clusters; not required for known-rule detection.
CASE-346,Affiliate Wash Trading,wash_matched,Wash / matched / self / circular trading,ParticipantInstrumentGrain,ParticipantInstrumentGrain;AccountGrain;BeneficialOwnerGrain;RelationshipGrain;CoordinationWindowGrain;RuleEvaluationWorkerGrain,ExecutionEvent;RelationshipEvent;AccountReference,Self / Related Beneficial Owner; Time / Price / Quantity Matching; Circular Transaction Graph; Related-Account Graph,Rules; AI not required; ownership/reference data strongly improves detection,Optional later for unknown coordination clusters; not required for known-rule detection.
CASE-347,Omnibus Wash Trading,wash_matched,Wash / matched / self / circular trading,ParticipantInstrumentGrain,ParticipantInstrumentGrain;AccountGrain;BeneficialOwnerGrain;RelationshipGrain;CoordinationWindowGrain;RuleEvaluationWorkerGrain,ExecutionEvent;RelationshipEvent;AccountReference,Self / Related Beneficial Owner; Time / Price / Quantity Matching; Circular Transaction Graph; Related-Account Graph; Position Concentration,Rules; AI not required; ownership/reference data strongly improves detection,Optional later for unknown coordination clusters; not required for known-rule detection.
CASE-348,Split-Quantity Matched Trading,wash_matched,Wash / matched / self / circular trading,ParticipantInstrumentGrain,ParticipantInstrumentGrain;AccountGrain;BeneficialOwnerGrain;RelationshipGrain;CoordinationWindowGrain;RuleEvaluationWorkerGrain,ExecutionEvent;RelationshipEvent;AccountReference,Self / Related Beneficial Owner; Time / Price / Quantity Matching; Circular Transaction Graph,Rules; AI not required; ownership/reference data strongly improves detection,Optional later for unknown coordination clusters; not required for known-rule detection.
CASE-349,Staggered Matched Trading,wash_matched,Wash / matched / self / circular trading,ParticipantInstrumentGrain,ParticipantInstrumentGrain;AccountGrain;BeneficialOwnerGrain;RelationshipGrain;CoordinationWindowGrain;RuleEvaluationWorkerGrain,ExecutionEvent;RelationshipEvent;AccountReference,Self / Related Beneficial Owner; Time / Price / Quantity Matching; Circular Transaction Graph; Related-Account Graph,Rules; AI not required; ownership/reference data strongly improves detection,Optional later for unknown coordination clusters; not required for known-rule detection.
CASE-350,Intermediated Matched Trading,wash_matched,Wash / matched / self / circular trading,ParticipantInstrumentGrain,ParticipantInstrumentGrain;AccountGrain;BeneficialOwnerGrain;RelationshipGrain;CoordinationWindowGrain;RuleEvaluationWorkerGrain,ExecutionEvent;RelationshipEvent;AccountReference,Self / Related Beneficial Owner; Time / Price / Quantity Matching; Circular Transaction Graph,Rules; AI not required; ownership/reference data strongly improves detection,Optional later for unknown coordination clusters; not required for known-rule detection.
CASE-351,Variable-Quantity Circular Trading,wash_matched,Wash / matched / self / circular trading,ParticipantInstrumentGrain,ParticipantInstrumentGrain;AccountGrain;BeneficialOwnerGrain;RelationshipGrain;CoordinationWindowGrain;RuleEvaluationWorkerGrain,ExecutionEvent;RelationshipEvent;AccountReference,Self / Related Beneficial Owner; Time / Price / Quantity Matching; Circular Transaction Graph; Related-Account Graph,Rules; AI not required; ownership/reference data strongly improves detection,Optional later for unknown coordination clusters; not required for known-rule detection.
CASE-352,Cross-Venue Circular Trading,wash_matched,Wash / matched / self / circular trading,ParticipantInstrumentGrain,ParticipantInstrumentGrain;AccountGrain;BeneficialOwnerGrain;RelationshipGrain;CoordinationWindowGrain;RuleEvaluationWorkerGrain,ExecutionEvent;RelationshipEvent;AccountReference,Self / Related Beneficial Owner; Time / Price / Quantity Matching; Circular Transaction Graph; Cross-Venue Synchronization; Related-Account Graph,Rules; AI not required; ownership/reference data strongly improves detection,Optional later for unknown coordination clusters; not required for known-rule detection.
CASE-353,Synthetic Round-Trip Trading,wash_matched,Wash / matched / self / circular trading,ParticipantInstrumentGrain,ParticipantInstrumentGrain;AccountGrain;BeneficialOwnerGrain;RelationshipGrain;CoordinationWindowGrain;RuleEvaluationWorkerGrain,ExecutionEvent;RelationshipEvent;AccountReference,Cross-Product Economic Benefit; Price Impact; Volume Participation,Rules; AI not required; ownership/reference data strongly improves detection,Optional later for unknown coordination clusters; not required for known-rule detection.
CASE-354,Reverse Round-Trip Trading,wash_matched,Wash / matched / self / circular trading,ParticipantInstrumentGrain,ParticipantInstrumentGrain;AccountGrain;BeneficialOwnerGrain;RelationshipGrain;CoordinationWindowGrain;RuleEvaluationWorkerGrain,ExecutionEvent;RelationshipEvent;AccountReference,Price Impact; Volume Participation; Rapid Position Reversal,Rules; AI not required; ownership/reference data strongly improves detection,Optional later for unknown coordination clusters; not required for known-rule detection.
CASE-355,Closing-Print Wash Trading,wash_matched,Wash / matched / self / circular trading,ParticipantInstrumentGrain,ParticipantInstrumentGrain;AccountGrain;BeneficialOwnerGrain;RelationshipGrain;CoordinationWindowGrain;RuleEvaluationWorkerGrain,ExecutionEvent;RelationshipEvent;AccountReference,Self / Related Beneficial Owner; Time / Price / Quantity Matching; Circular Transaction Graph; Auction Indicative-Price Impact; Price Impact,Rules; AI not required; ownership/reference data strongly improves detection,Optional later for unknown coordination clusters; not required for known-rule detection.
CASE-356,Opening-Print Wash Trading,wash_matched,Wash / matched / self / circular trading,ParticipantInstrumentGrain,ParticipantInstrumentGrain;AccountGrain;BeneficialOwnerGrain;RelationshipGrain;CoordinationWindowGrain;RuleEvaluationWorkerGrain,ExecutionEvent;RelationshipEvent;AccountReference,Self / Related Beneficial Owner; Time / Price / Quantity Matching; Circular Transaction Graph; Auction Indicative-Price Impact; Price Impact,Rules; AI not required; ownership/reference data strongly improves detection,Optional later for unknown coordination clusters; not required for known-rule detection.
CASE-357,Benchmark-Window Wash Trading,wash_matched,Wash / matched / self / circular trading,ParticipantInstrumentGrain,ParticipantInstrumentGrain;AccountGrain;BeneficialOwnerGrain;RelationshipGrain;CoordinationWindowGrain;RuleEvaluationWorkerGrain,ExecutionEvent;RelationshipEvent;AccountReference,Self / Related Beneficial Owner; Time / Price / Quantity Matching; Circular Transaction Graph; Benchmark-Window Participation; Price Impact,Rules; AI not required; ownership/reference data strongly improves detection,Optional later for unknown coordination clusters; not required for known-rule detection.
CASE-358,VWAP-Window Concentration Manipulation,benchmark,Benchmark / VWAP / TWAP / settlement reference abuse,BenchmarkWindowGrain,BenchmarkWindowGrain;InstrumentGrain;ParticipantInstrumentGrain;PositionGrain;InstrumentRelationGrain;RuleEvaluationWorkerGrain,ExecutionEvent;BenchmarkEvent;PositionEvent;ReferencePriceEvent,Benchmark-Window Participation; Price Impact; Volume Participation,Rules; AI not required,Not required.
CASE-359,TWAP-Window Concentration Manipulation,benchmark,Benchmark / VWAP / TWAP / settlement reference abuse,BenchmarkWindowGrain,BenchmarkWindowGrain;InstrumentGrain;ParticipantInstrumentGrain;PositionGrain;InstrumentRelationGrain;RuleEvaluationWorkerGrain,ExecutionEvent;BenchmarkEvent;PositionEvent;ReferencePriceEvent,Benchmark-Window Participation; Price Impact; Volume Participation,Rules; AI not required,Not required.
CASE-360,Off-Market Cross Price Marking,benchmark,Benchmark / VWAP / TWAP / settlement reference abuse,BenchmarkWindowGrain,BenchmarkWindowGrain;InstrumentGrain;ParticipantInstrumentGrain;PositionGrain;InstrumentRelationGrain;RuleEvaluationWorkerGrain,ExecutionEvent;BenchmarkEvent;PositionEvent;ReferencePriceEvent,Price Impact; Volume Participation; Rapid Position Reversal,Rules; AI not required,Not required.
CASE-361,Negotiated-Cross Price Marking,benchmark,Benchmark / VWAP / TWAP / settlement reference abuse,BenchmarkWindowGrain,BenchmarkWindowGrain;InstrumentGrain;ParticipantInstrumentGrain;PositionGrain;InstrumentRelationGrain;RuleEvaluationWorkerGrain,ExecutionEvent;BenchmarkEvent;PositionEvent;ReferencePriceEvent,Price Impact; Volume Participation; Rapid Position Reversal,Rules; AI not required,Not required.
CASE-362,Banging the Close,price_momentum,Price / momentum / tape manipulation,InstrumentGrain,InstrumentGrain;OrderBookGrain;ParticipantInstrumentGrain;PositionGrain;RuleEvaluationWorkerGrain,ExecutionEvent;OrderEvent;MarketStateEvent,Auction Indicative-Price Impact; Price Impact; Volume Participation,Rules; external promotion data may enrich pump/rumor variants,Not required for core detection.
CASE-363,Banging the Open,auction_close,Opening / closing / auction manipulation,AuctionGrain,AuctionGrain;OrderBookGrain;InstrumentGrain;ParticipantInstrumentGrain;RuleEvaluationWorkerGrain,AuctionEvent;OrderEvent;ExecutionEvent;MarketPhaseEvent,Auction Indicative-Price Impact; Price Impact; Volume Participation,Rules; AI not required,Not required.
CASE-364,End-of-Month Marking,benchmark,Benchmark / VWAP / TWAP / settlement reference abuse,BenchmarkWindowGrain,BenchmarkWindowGrain;InstrumentGrain;ParticipantInstrumentGrain;PositionGrain;InstrumentRelationGrain;RuleEvaluationWorkerGrain,ExecutionEvent;BenchmarkEvent;PositionEvent;ReferencePriceEvent,Benchmark-Window Participation; Price Impact; Volume Participation,Rules; AI not required,Not required.
CASE-365,Quarter-End Marking,price_momentum,Price / momentum / tape manipulation,InstrumentGrain,InstrumentGrain;OrderBookGrain;ParticipantInstrumentGrain;PositionGrain;RuleEvaluationWorkerGrain,ExecutionEvent;OrderEvent;MarketStateEvent,Benchmark-Window Participation; Price Impact; Volume Participation,Rules; external promotion data may enrich pump/rumor variants,Not required for core detection.
CASE-366,Year-End Marking,price_momentum,Price / momentum / tape manipulation,InstrumentGrain,InstrumentGrain;OrderBookGrain;ParticipantInstrumentGrain;PositionGrain;RuleEvaluationWorkerGrain,ExecutionEvent;OrderEvent;MarketStateEvent,Benchmark-Window Participation; Price Impact; Volume Participation,Rules; external promotion data may enrich pump/rumor variants,Not required for core detection.
CASE-367,Index-Rebalance Close Manipulation,price_momentum,Price / momentum / tape manipulation,InstrumentGrain,InstrumentGrain;OrderBookGrain;ParticipantInstrumentGrain;PositionGrain;RuleEvaluationWorkerGrain,ExecutionEvent;OrderEvent;MarketStateEvent,Auction Indicative-Price Impact; Price Impact; Volume Participation; Benchmark-Window Participation; Cross-Product Economic Benefit,Rules; external promotion data may enrich pump/rumor variants,Not required for core detection.
CASE-368,ETF-Rebalance Close Manipulation,cross_product,Cross-product / derivative / ETF / index manipulation,InstrumentRelationGrain,InstrumentRelationGrain;PositionGrain;InstrumentGrain;ParticipantInstrumentGrain;BenchmarkWindowGrain;RuleEvaluationWorkerGrain,ExecutionEvent;OrderEvent;PositionEvent;InstrumentRelationEvent;ReferencePriceEvent,Auction Indicative-Price Impact; Price Impact; Volume Participation; Cross-Product Economic Benefit,Rules; AI not required,Not required.
CASE-369,Pre-Close Ramp-and-Reverse,price_momentum,Price / momentum / tape manipulation,InstrumentGrain,InstrumentGrain;OrderBookGrain;ParticipantInstrumentGrain;PositionGrain;RuleEvaluationWorkerGrain,ExecutionEvent;OrderEvent;MarketStateEvent,Auction Indicative-Price Impact; Price Impact; Volume Participation,Rules; external promotion data may enrich pump/rumor variants,Not required for core detection.
CASE-370,Closing-Auction Order Flooding,auction_close,Opening / closing / auction manipulation,AuctionGrain,AuctionGrain;OrderBookGrain;InstrumentGrain;ParticipantInstrumentGrain;RuleEvaluationWorkerGrain,AuctionEvent;OrderEvent;ExecutionEvent;MarketPhaseEvent,Auction Indicative-Price Impact; Price Impact; Volume Participation,Rules; AI not required,Not required.
CASE-371,Opening-Auction Order Flooding,auction_close,Opening / closing / auction manipulation,AuctionGrain,AuctionGrain;OrderBookGrain;InstrumentGrain;ParticipantInstrumentGrain;RuleEvaluationWorkerGrain,AuctionEvent;OrderEvent;ExecutionEvent;MarketPhaseEvent,Auction Indicative-Price Impact; Price Impact; Volume Participation,Rules; AI not required,Not required.
CASE-372,Late Auction Cancellation Abuse,auction_close,Opening / closing / auction manipulation,AuctionGrain,AuctionGrain;OrderBookGrain;InstrumentGrain;ParticipantInstrumentGrain;RuleEvaluationWorkerGrain,AuctionEvent;OrderEvent;ExecutionEvent;MarketPhaseEvent,Displayed-Size Anomaly; Multi-Level Depth Pressure; Price Impact; Liquidity Concentration; Auction Indicative-Price Impact,Rules; AI not required,Not required.
CASE-373,Auction-Extension Triggering Manipulation,auction_close,Opening / closing / auction manipulation,AuctionGrain,AuctionGrain;OrderBookGrain;InstrumentGrain;ParticipantInstrumentGrain;RuleEvaluationWorkerGrain,AuctionEvent;OrderEvent;ExecutionEvent;MarketPhaseEvent,Auction Indicative-Price Impact; Price Impact; Volume Participation,Rules; AI not required,Not required.
CASE-374,Auction-Extension Avoidance Manipulation,auction_close,Opening / closing / auction manipulation,AuctionGrain,AuctionGrain;OrderBookGrain;InstrumentGrain;ParticipantInstrumentGrain;RuleEvaluationWorkerGrain,AuctionEvent;OrderEvent;ExecutionEvent;MarketPhaseEvent,Auction Indicative-Price Impact; Price Impact; Volume Participation,Rules; AI not required,Not required.
CASE-375,Auction-Price-Collar Gaming,auction_close,Opening / closing / auction manipulation,AuctionGrain,AuctionGrain;OrderBookGrain;InstrumentGrain;ParticipantInstrumentGrain;RuleEvaluationWorkerGrain,AuctionEvent;OrderEvent;ExecutionEvent;MarketPhaseEvent,Auction Indicative-Price Impact; Price Impact; Volume Participation; Order-Message Burst Rate; Order Lifetime,Rules; AI not required,Not required.
CASE-376,Closing-Cross Participation Manipulation,coordination,Related-account / coordinated-group behavior,CoordinationWindowGrain,CoordinationWindowGrain;RelationshipGrain;AccountGrain;BeneficialOwnerGrain;ParticipantInstrumentGrain;RuleEvaluationWorkerGrain,ExecutionEvent;OrderEvent;RelationshipEvent;AccountReference,Auction Indicative-Price Impact; Price Impact; Volume Participation; Self / Related Beneficial Owner; Related-Account Graph,Rules + relationship/beneficial-owner data; AI/ML optional for unknown clusters,Optional later for discovering unknown clusters; known relationships remain deterministic.
CASE-377,Opening-Cross Participation Manipulation,auction_close,Opening / closing / auction manipulation,AuctionGrain,AuctionGrain;OrderBookGrain;InstrumentGrain;ParticipantInstrumentGrain;RuleEvaluationWorkerGrain,AuctionEvent;OrderEvent;ExecutionEvent;MarketPhaseEvent,Auction Indicative-Price Impact; Price Impact; Volume Participation,Rules; AI not required,Not required.
CASE-378,Settlement-Window Ramping,benchmark,Benchmark / VWAP / TWAP / settlement reference abuse,BenchmarkWindowGrain,BenchmarkWindowGrain;InstrumentGrain;ParticipantInstrumentGrain;PositionGrain;InstrumentRelationGrain;RuleEvaluationWorkerGrain,ExecutionEvent;BenchmarkEvent;PositionEvent;ReferencePriceEvent,Price Impact; Volume Participation; Rapid Position Reversal,Rules; AI not required,Not required.
CASE-379,Settlement-Window Wash Trading,wash_matched,Wash / matched / self / circular trading,ParticipantInstrumentGrain,ParticipantInstrumentGrain;AccountGrain;BeneficialOwnerGrain;RelationshipGrain;CoordinationWindowGrain;RuleEvaluationWorkerGrain,ExecutionEvent;RelationshipEvent;AccountReference,Self / Related Beneficial Owner; Time / Price / Quantity Matching; Circular Transaction Graph; Benchmark-Window Participation; Price Impact,Rules; AI not required; ownership/reference data strongly improves detection,Optional later for unknown coordination clusters; not required for known-rule detection.
CASE-380,Fixing-Window Manipulation,benchmark,Benchmark / VWAP / TWAP / settlement reference abuse,BenchmarkWindowGrain,BenchmarkWindowGrain;InstrumentGrain;ParticipantInstrumentGrain;PositionGrain;InstrumentRelationGrain;RuleEvaluationWorkerGrain,ExecutionEvent;BenchmarkEvent;PositionEvent;ReferencePriceEvent,Benchmark-Window Participation; Price Impact; Volume Participation,Rules; AI not required,Not required.
CASE-381,Benchmark-Window Concentration,benchmark,Benchmark / VWAP / TWAP / settlement reference abuse,BenchmarkWindowGrain,BenchmarkWindowGrain;InstrumentGrain;ParticipantInstrumentGrain;PositionGrain;InstrumentRelationGrain;RuleEvaluationWorkerGrain,ExecutionEvent;BenchmarkEvent;PositionEvent;ReferencePriceEvent,Benchmark-Window Participation; Price Impact; Volume Participation,Rules; AI not required,Not required.
CASE-382,Index-Calculation Constituent Marking,benchmark,Benchmark / VWAP / TWAP / settlement reference abuse,BenchmarkWindowGrain,BenchmarkWindowGrain;InstrumentGrain;ParticipantInstrumentGrain;PositionGrain;InstrumentRelationGrain;RuleEvaluationWorkerGrain,ExecutionEvent;BenchmarkEvent;PositionEvent;ReferencePriceEvent,Cross-Product Economic Benefit; Price Impact; Volume Participation,Rules; AI not required,Not required.
CASE-383,NAV-Strike Price Manipulation,benchmark,Benchmark / VWAP / TWAP / settlement reference abuse,BenchmarkWindowGrain,BenchmarkWindowGrain;InstrumentGrain;ParticipantInstrumentGrain;PositionGrain;InstrumentRelationGrain;RuleEvaluationWorkerGrain,ExecutionEvent;BenchmarkEvent;PositionEvent;ReferencePriceEvent,Benchmark-Window Participation; Price Impact; Volume Participation; Cross-Product Economic Benefit,Rules; AI not required,Not required.
CASE-384,Stock-to-Option Marking,cross_product,Cross-product / derivative / ETF / index manipulation,InstrumentRelationGrain,InstrumentRelationGrain;PositionGrain;InstrumentGrain;ParticipantInstrumentGrain;BenchmarkWindowGrain;RuleEvaluationWorkerGrain,ExecutionEvent;OrderEvent;PositionEvent;InstrumentRelationEvent;ReferencePriceEvent,Cross-Product Economic Benefit; Price Impact; Volume Participation,Rules; AI not required,Not required.
CASE-385,Option-to-Stock Signaling Manipulation,cross_product,Cross-product / derivative / ETF / index manipulation,InstrumentRelationGrain,InstrumentRelationGrain;PositionGrain;InstrumentGrain;ParticipantInstrumentGrain;BenchmarkWindowGrain;RuleEvaluationWorkerGrain,ExecutionEvent;OrderEvent;PositionEvent;InstrumentRelationEvent;ReferencePriceEvent,Cross-Product Economic Benefit; Price Impact; Volume Participation,Rules; AI not required,Not required.
CASE-386,ETF-to-Component Manipulation,cross_product,Cross-product / derivative / ETF / index manipulation,InstrumentRelationGrain,InstrumentRelationGrain;PositionGrain;InstrumentGrain;ParticipantInstrumentGrain;BenchmarkWindowGrain;RuleEvaluationWorkerGrain,ExecutionEvent;OrderEvent;PositionEvent;InstrumentRelationEvent;ReferencePriceEvent,Cross-Product Economic Benefit; Price Impact; Volume Participation,Rules; AI not required,Not required.
CASE-387,Component-to-ETF Manipulation,benchmark,Benchmark / VWAP / TWAP / settlement reference abuse,BenchmarkWindowGrain,BenchmarkWindowGrain;InstrumentGrain;ParticipantInstrumentGrain;PositionGrain;InstrumentRelationGrain;RuleEvaluationWorkerGrain,ExecutionEvent;BenchmarkEvent;PositionEvent;ReferencePriceEvent,Benchmark-Window Participation; Price Impact; Volume Participation; Cross-Product Economic Benefit,Rules; AI not required,Not required.
CASE-388,ADR-to-Local-Share Manipulation,cross_product,Cross-product / derivative / ETF / index manipulation,InstrumentRelationGrain,InstrumentRelationGrain;PositionGrain;InstrumentGrain;ParticipantInstrumentGrain;BenchmarkWindowGrain;RuleEvaluationWorkerGrain,ExecutionEvent;OrderEvent;PositionEvent;InstrumentRelationEvent;ReferencePriceEvent,Self / Related Beneficial Owner; Related-Account Graph; Time / Price / Quantity Matching,Rules; AI not required,Not required.
CASE-389,Dual-Listed Share Manipulation,cross_product,Cross-product / derivative / ETF / index manipulation,InstrumentRelationGrain,InstrumentRelationGrain;PositionGrain;InstrumentGrain;ParticipantInstrumentGrain;BenchmarkWindowGrain;RuleEvaluationWorkerGrain,ExecutionEvent;OrderEvent;PositionEvent;InstrumentRelationEvent;ReferencePriceEvent,Price Impact; Volume Participation; Rapid Position Reversal,Rules; AI not required,Not required.
CASE-390,Futures-to-Cash Manipulation,cross_product,Cross-product / derivative / ETF / index manipulation,InstrumentRelationGrain,InstrumentRelationGrain;PositionGrain;InstrumentGrain;ParticipantInstrumentGrain;BenchmarkWindowGrain;RuleEvaluationWorkerGrain,ExecutionEvent;OrderEvent;PositionEvent;InstrumentRelationEvent;ReferencePriceEvent,Cross-Product Economic Benefit; Price Impact; Volume Participation,Rules; AI not required,Not required.
CASE-391,Cash-to-Futures Settlement Manipulation,cross_product,Cross-product / derivative / ETF / index manipulation,InstrumentRelationGrain,InstrumentRelationGrain;PositionGrain;InstrumentGrain;ParticipantInstrumentGrain;BenchmarkWindowGrain;RuleEvaluationWorkerGrain,ExecutionEvent;OrderEvent;PositionEvent;InstrumentRelationEvent;ReferencePriceEvent,Cross-Product Economic Benefit; Price Impact; Volume Participation,Rules; AI not required,Not required.
CASE-392,Convertible-to-Underlying Manipulation,cross_product,Cross-product / derivative / ETF / index manipulation,InstrumentRelationGrain,InstrumentRelationGrain;PositionGrain;InstrumentGrain;ParticipantInstrumentGrain;BenchmarkWindowGrain;RuleEvaluationWorkerGrain,ExecutionEvent;OrderEvent;PositionEvent;InstrumentRelationEvent;ReferencePriceEvent,Cross-Product Economic Benefit; Price Impact; Volume Participation,Rules; AI not required,Not required.
CASE-393,Warrant-to-Underlying Manipulation,cross_product,Cross-product / derivative / ETF / index manipulation,InstrumentRelationGrain,InstrumentRelationGrain;PositionGrain;InstrumentGrain;ParticipantInstrumentGrain;BenchmarkWindowGrain;RuleEvaluationWorkerGrain,ExecutionEvent;OrderEvent;PositionEvent;InstrumentRelationEvent;ReferencePriceEvent,Cross-Product Economic Benefit; Price Impact; Volume Participation,Rules; AI not required,Not required.
CASE-394,Rights-to-Underlying Manipulation,cross_product,Cross-product / derivative / ETF / index manipulation,InstrumentRelationGrain,InstrumentRelationGrain;PositionGrain;InstrumentGrain;ParticipantInstrumentGrain;BenchmarkWindowGrain;RuleEvaluationWorkerGrain,ExecutionEvent;OrderEvent;PositionEvent;InstrumentRelationEvent;ReferencePriceEvent,Cross-Product Economic Benefit; Price Impact; Volume Participation; Pre-Event Abnormal Trading; Benchmark-Window Participation,Rules; AI not required,Not required.
CASE-395,Preferred-to-Common Manipulation,cross_product,Cross-product / derivative / ETF / index manipulation,InstrumentRelationGrain,InstrumentRelationGrain;PositionGrain;InstrumentGrain;ParticipantInstrumentGrain;BenchmarkWindowGrain;RuleEvaluationWorkerGrain,ExecutionEvent;OrderEvent;PositionEvent;InstrumentRelationEvent;ReferencePriceEvent,Self / Related Beneficial Owner; Related-Account Graph; Time / Price / Quantity Matching,Rules; AI not required,Not required.
CASE-396,Correlated-Basket Spoofing,spoof_layer,Spoofing / layering / deceptive liquidity,OrderBookGrain,OrderBookGrain;ParticipantInstrumentGrain;TraderGrain;AccountGrain;RuleEvaluationWorkerGrain,OrderEvent;ExecutionEvent;BookSnapshot,Cancellation Ratio; Order Lifetime; Displayed-Size Anomaly; Multi-Level Depth Pressure; Opposite-Side Execution,Rules; AI not required,Not required for core detection.
CASE-397,Lit-to-Dark Manipulation,routing_venue,Routing / execution quality / ATS / venue conflict,RoutingQualityGrain,RoutingQualityGrain;ClientOrderWindowGrain;ParticipantInstrumentGrain;VenueGrain;RuleEvaluationWorkerGrain,ClientOrderEvent;RoutingDecisionEvent;ExecutionEvent;VenueFeeEvent;NBBOEvent,Cross-Venue Synchronization; Trade-Report Timing / Accuracy; Price Impact,Rules + routing/venue configuration and fee data; AI not required,Not required.
CASE-398,Dark-to-Lit Manipulation,routing_venue,Routing / execution quality / ATS / venue conflict,RoutingQualityGrain,RoutingQualityGrain;ClientOrderWindowGrain;ParticipantInstrumentGrain;VenueGrain;RuleEvaluationWorkerGrain,ClientOrderEvent;RoutingDecisionEvent;ExecutionEvent;VenueFeeEvent;NBBOEvent,Price Impact; Volume Participation; Rapid Position Reversal,Rules + routing/venue configuration and fee data; AI not required,Not required.
CASE-399,Dark-Pool Reference-Price Manipulation,benchmark,Benchmark / VWAP / TWAP / settlement reference abuse,BenchmarkWindowGrain,BenchmarkWindowGrain;InstrumentGrain;ParticipantInstrumentGrain;PositionGrain;InstrumentRelationGrain;RuleEvaluationWorkerGrain,ExecutionEvent;BenchmarkEvent;PositionEvent;ReferencePriceEvent,Price Impact; Volume Participation; Rapid Position Reversal; Benchmark-Window Participation; Cross-Venue Synchronization,Rules; AI not required,Not required.
CASE-400,Auction-to-Continuous Manipulation,auction_close,Opening / closing / auction manipulation,AuctionGrain,AuctionGrain;OrderBookGrain;InstrumentGrain;ParticipantInstrumentGrain;RuleEvaluationWorkerGrain,AuctionEvent;OrderEvent;ExecutionEvent;MarketPhaseEvent,Auction Indicative-Price Impact; Price Impact; Volume Participation,Rules; AI not required,Not required.
CASE-401,Continuous-to-Auction Manipulation,auction_close,Opening / closing / auction manipulation,AuctionGrain,AuctionGrain;OrderBookGrain;InstrumentGrain;ParticipantInstrumentGrain;RuleEvaluationWorkerGrain,AuctionEvent;OrderEvent;ExecutionEvent;MarketPhaseEvent,Auction Indicative-Price Impact; Price Impact; Volume Participation,Rules; AI not required,Not required.
CASE-402,Cross-Border Price-Lead Manipulation,cross_product,Cross-product / derivative / ETF / index manipulation,InstrumentRelationGrain,InstrumentRelationGrain;PositionGrain;InstrumentGrain;ParticipantInstrumentGrain;BenchmarkWindowGrain;RuleEvaluationWorkerGrain,ExecutionEvent;OrderEvent;PositionEvent;InstrumentRelationEvent;ReferencePriceEvent,Displayed-Size Anomaly; Multi-Level Depth Pressure; Price Impact; Liquidity Concentration,Rules; AI not required,Not required.
CASE-403,Pair-Trade Manipulation,cross_product,Cross-product / derivative / ETF / index manipulation,InstrumentRelationGrain,InstrumentRelationGrain;PositionGrain;InstrumentGrain;ParticipantInstrumentGrain;BenchmarkWindowGrain;RuleEvaluationWorkerGrain,ExecutionEvent;OrderEvent;PositionEvent;InstrumentRelationEvent;ReferencePriceEvent,Price Impact; Volume Participation; Rapid Position Reversal,Rules; AI not required,Not required.
CASE-404,Gamma-Squeeze Manipulation Scheme,cross_product,Cross-product / derivative / ETF / index manipulation,InstrumentRelationGrain,InstrumentRelationGrain;PositionGrain;InstrumentGrain;ParticipantInstrumentGrain;BenchmarkWindowGrain;RuleEvaluationWorkerGrain,ExecutionEvent;OrderEvent;PositionEvent;InstrumentRelationEvent;ReferencePriceEvent,Cross-Product Economic Benefit; Price Impact; Volume Participation; Position Concentration; Liquidity Concentration,Rules; AI not required,Not required.
CASE-405,Creation-Basket Manipulation,cross_product,Cross-product / derivative / ETF / index manipulation,InstrumentRelationGrain,InstrumentRelationGrain;PositionGrain;InstrumentGrain;ParticipantInstrumentGrain;BenchmarkWindowGrain;RuleEvaluationWorkerGrain,ExecutionEvent;OrderEvent;PositionEvent;InstrumentRelationEvent;ReferencePriceEvent,Cross-Product Economic Benefit; Price Impact; Volume Participation,Rules; AI not required,Not required.
CASE-406,Redemption-Basket Manipulation,cross_product,Cross-product / derivative / ETF / index manipulation,InstrumentRelationGrain,InstrumentRelationGrain;PositionGrain;InstrumentGrain;ParticipantInstrumentGrain;BenchmarkWindowGrain;RuleEvaluationWorkerGrain,ExecutionEvent;OrderEvent;PositionEvent;InstrumentRelationEvent;ReferencePriceEvent,Cross-Product Economic Benefit; Price Impact; Volume Participation,Rules; AI not required,Not required.
CASE-407,Rebalance-Price-Impact Exaggeration,benchmark,Benchmark / VWAP / TWAP / settlement reference abuse,BenchmarkWindowGrain,BenchmarkWindowGrain;InstrumentGrain;ParticipantInstrumentGrain;PositionGrain;InstrumentRelationGrain;RuleEvaluationWorkerGrain,ExecutionEvent;BenchmarkEvent;PositionEvent;ReferencePriceEvent,Cross-Product Economic Benefit; Price Impact; Volume Participation,Rules; AI not required,Not required.
CASE-408,Front Running Customer Limit Orders,front_run,Front running / trading ahead / client-order misuse,ClientOrderWindowGrain,ClientOrderWindowGrain;ParticipantInstrumentGrain;TraderGrain;AccountGrain;RoutingQualityGrain;RuleEvaluationWorkerGrain,ClientOrderEvent;ExecutionEvent;OrderEvent;RoutingDecisionEvent,Pre-Event Abnormal Trading; Time / Price / Quantity Matching; Price Impact,Rules + customer/order-source data; AI not required,Not required.
CASE-409,Front Running Stop Orders,front_run,Front running / trading ahead / client-order misuse,ClientOrderWindowGrain,ClientOrderWindowGrain;ParticipantInstrumentGrain;TraderGrain;AccountGrain;RoutingQualityGrain;RuleEvaluationWorkerGrain,ClientOrderEvent;ExecutionEvent;OrderEvent;RoutingDecisionEvent,Pre-Event Abnormal Trading; Time / Price / Quantity Matching; Price Impact,Rules + customer/order-source data; AI not required,Not required.
CASE-410,Front Running Market-on-Close Orders,front_run,Front running / trading ahead / client-order misuse,ClientOrderWindowGrain,ClientOrderWindowGrain;ParticipantInstrumentGrain;TraderGrain;AccountGrain;RoutingQualityGrain;RuleEvaluationWorkerGrain,ClientOrderEvent;ExecutionEvent;OrderEvent;RoutingDecisionEvent,Auction Indicative-Price Impact; Price Impact; Volume Participation; Pre-Event Abnormal Trading; Time / Price / Quantity Matching,Rules + customer/order-source data; AI not required,Not required.
CASE-411,Front Running VWAP Orders,front_run,Front running / trading ahead / client-order misuse,ClientOrderWindowGrain,ClientOrderWindowGrain;ParticipantInstrumentGrain;TraderGrain;AccountGrain;RoutingQualityGrain;RuleEvaluationWorkerGrain,ClientOrderEvent;ExecutionEvent;OrderEvent;RoutingDecisionEvent,Benchmark-Window Participation; Price Impact; Volume Participation; Pre-Event Abnormal Trading; Time / Price / Quantity Matching,Rules + customer/order-source data; AI not required,Not required.
CASE-412,Front Running Algorithmic Parent Orders,front_run,Front running / trading ahead / client-order misuse,ClientOrderWindowGrain,ClientOrderWindowGrain;ParticipantInstrumentGrain;TraderGrain;AccountGrain;RoutingQualityGrain;RuleEvaluationWorkerGrain,ClientOrderEvent;ExecutionEvent;OrderEvent;RoutingDecisionEvent,Pre-Event Abnormal Trading; Time / Price / Quantity Matching; Price Impact; Order-Message Burst Rate; Order Lifetime,Rules + customer/order-source data; AI not required,Not required.
CASE-413,Front Running Iceberg Orders,front_run,Front running / trading ahead / client-order misuse,ClientOrderWindowGrain,ClientOrderWindowGrain;ParticipantInstrumentGrain;TraderGrain;AccountGrain;RoutingQualityGrain;RuleEvaluationWorkerGrain,ClientOrderEvent;ExecutionEvent;OrderEvent;RoutingDecisionEvent,Pre-Event Abnormal Trading; Time / Price / Quantity Matching; Price Impact,Rules + customer/order-source data; AI not required,Not required.
CASE-414,RFQ Front Running,front_run,Front running / trading ahead / client-order misuse,ClientOrderWindowGrain,ClientOrderWindowGrain;ParticipantInstrumentGrain;TraderGrain;AccountGrain;RoutingQualityGrain;RuleEvaluationWorkerGrain,ClientOrderEvent;ExecutionEvent;OrderEvent;RoutingDecisionEvent,Pre-Event Abnormal Trading; Time / Price / Quantity Matching; Price Impact,Rules + customer/order-source data; AI not required,Not required.
CASE-415,RFQ Information Leakage Abuse,front_run,Front running / trading ahead / client-order misuse,ClientOrderWindowGrain,ClientOrderWindowGrain;ParticipantInstrumentGrain;TraderGrain;AccountGrain;RoutingQualityGrain;RuleEvaluationWorkerGrain,ClientOrderEvent;ExecutionEvent;OrderEvent;RoutingDecisionEvent,Pre-Event Abnormal Trading; Time / Price / Quantity Matching; Price Impact,Rules + customer/order-source data; AI not required,Not required.
CASE-416,Abusive Pre-Hedging,front_run,Front running / trading ahead / client-order misuse,ClientOrderWindowGrain,ClientOrderWindowGrain;ParticipantInstrumentGrain;TraderGrain;AccountGrain;RoutingQualityGrain;RuleEvaluationWorkerGrain,ClientOrderEvent;ExecutionEvent;OrderEvent;RoutingDecisionEvent,Self / Related Beneficial Owner; Related-Account Graph; Time / Price / Quantity Matching,Rules + customer/order-source data; AI not required,Not required.
CASE-417,Front Running Block Crosses,front_run,Front running / trading ahead / client-order misuse,ClientOrderWindowGrain,ClientOrderWindowGrain;ParticipantInstrumentGrain;TraderGrain;AccountGrain;RoutingQualityGrain;RuleEvaluationWorkerGrain,ClientOrderEvent;ExecutionEvent;OrderEvent;RoutingDecisionEvent,Pre-Event Abnormal Trading; Time / Price / Quantity Matching; Price Impact,Rules + customer/order-source data; AI not required,Not required.
CASE-418,Front Running Offerings,front_run,Front running / trading ahead / client-order misuse,ClientOrderWindowGrain,ClientOrderWindowGrain;ParticipantInstrumentGrain;TraderGrain;AccountGrain;RoutingQualityGrain;RuleEvaluationWorkerGrain,ClientOrderEvent;ExecutionEvent;OrderEvent;RoutingDecisionEvent,Displayed-Size Anomaly; Multi-Level Depth Pressure; Price Impact; Liquidity Concentration; Pre-Event Abnormal Trading,Rules + customer/order-source data; AI not required,Not required.
CASE-419,Front Running Tender Activity,front_run,Front running / trading ahead / client-order misuse,ClientOrderWindowGrain,ClientOrderWindowGrain;ParticipantInstrumentGrain;TraderGrain;AccountGrain;RoutingQualityGrain;RuleEvaluationWorkerGrain,ClientOrderEvent;ExecutionEvent;OrderEvent;RoutingDecisionEvent,Pre-Event Abnormal Trading; Time / Price / Quantity Matching; Price Impact; Benchmark-Window Participation,Rules + customer/order-source data; AI not required,Not required.
CASE-420,Front Running Benchmark Fixes,front_run,Front running / trading ahead / client-order misuse,ClientOrderWindowGrain,ClientOrderWindowGrain;ParticipantInstrumentGrain;TraderGrain;AccountGrain;RoutingQualityGrain;RuleEvaluationWorkerGrain,ClientOrderEvent;ExecutionEvent;OrderEvent;RoutingDecisionEvent,Benchmark-Window Participation; Price Impact; Volume Participation; Pre-Event Abnormal Trading; Time / Price / Quantity Matching,Rules + customer/order-source data; AI not required,Not required.
CASE-421,Trading with Knowledge of Auction Imbalance,auction_close,Opening / closing / auction manipulation,AuctionGrain,AuctionGrain;OrderBookGrain;InstrumentGrain;ParticipantInstrumentGrain;RuleEvaluationWorkerGrain,AuctionEvent;OrderEvent;ExecutionEvent;MarketPhaseEvent,Displayed-Size Anomaly; Multi-Level Depth Pressure; Price Impact; Liquidity Concentration; Auction Indicative-Price Impact,Rules; AI not required,Not required.
CASE-422,Trading with Knowledge of Order Imbalance,front_run,Front running / trading ahead / client-order misuse,ClientOrderWindowGrain,ClientOrderWindowGrain;ParticipantInstrumentGrain;TraderGrain;AccountGrain;RoutingQualityGrain;RuleEvaluationWorkerGrain,ClientOrderEvent;ExecutionEvent;OrderEvent;RoutingDecisionEvent,Displayed-Size Anomaly; Multi-Level Depth Pressure; Price Impact; Liquidity Concentration; Pre-Event Abnormal Trading,Rules + customer/order-source data; AI not required,Not required.
CASE-423,Misuse of Customer IOI Information,front_run,Front running / trading ahead / client-order misuse,ClientOrderWindowGrain,ClientOrderWindowGrain;ParticipantInstrumentGrain;TraderGrain;AccountGrain;RoutingQualityGrain;RuleEvaluationWorkerGrain,ClientOrderEvent;ExecutionEvent;OrderEvent;RoutingDecisionEvent,Displayed-Size Anomaly; Multi-Level Depth Pressure; Price Impact; Liquidity Concentration,Rules + customer/order-source data; AI not required,Not required.
CASE-424,Misuse of Portfolio-Composition Files,front_run,Front running / trading ahead / client-order misuse,ClientOrderWindowGrain,ClientOrderWindowGrain;ParticipantInstrumentGrain;TraderGrain;AccountGrain;RoutingQualityGrain;RuleEvaluationWorkerGrain,ClientOrderEvent;ExecutionEvent;OrderEvent;RoutingDecisionEvent,Price Impact; Volume Participation; Rapid Position Reversal,Rules + customer/order-source data; AI not required,Not required.
CASE-425,Misuse of Stop-Level Information,front_run,Front running / trading ahead / client-order misuse,ClientOrderWindowGrain,ClientOrderWindowGrain;ParticipantInstrumentGrain;TraderGrain;AccountGrain;RoutingQualityGrain;RuleEvaluationWorkerGrain,ClientOrderEvent;ExecutionEvent;OrderEvent;RoutingDecisionEvent,Pre-Event Abnormal Trading; Time / Price / Quantity Matching; Price Impact,Rules + customer/order-source data; AI not required,Not required.
CASE-426,Misuse of Dark-Pool Order Information,routing_venue,Routing / execution quality / ATS / venue conflict,RoutingQualityGrain,RoutingQualityGrain;ClientOrderWindowGrain;ParticipantInstrumentGrain;VenueGrain;RuleEvaluationWorkerGrain,ClientOrderEvent;RoutingDecisionEvent;ExecutionEvent;VenueFeeEvent;NBBOEvent,Pre-Event Abnormal Trading; Time / Price / Quantity Matching; Price Impact; Cross-Venue Synchronization; Trade-Report Timing / Accuracy,Rules + routing/venue configuration and fee data; AI not required,Not required.
CASE-427,Insider Trading Before Earnings,insider,Insider dealing / MNPI-linked trading,CorporateEventGrain,CorporateEventGrain;RelationshipGrain;BeneficialOwnerGrain;ParticipantInstrumentGrain;PositionGrain;RuleEvaluationWorkerGrain,ExecutionEvent;CorporateEvent;InsiderRelationshipEvent;HoldingEvent,Pre-Event Abnormal Trading; Related-Account Graph,Rules + external/reference data; AI not required,Future NLP can enrich event/news understanding; deterministic trade-event correlation remains the core.
CASE-428,Insider Trading Before Dividend Action,insider,Insider dealing / MNPI-linked trading,CorporateEventGrain,CorporateEventGrain;RelationshipGrain;BeneficialOwnerGrain;ParticipantInstrumentGrain;PositionGrain;RuleEvaluationWorkerGrain,ExecutionEvent;CorporateEvent;InsiderRelationshipEvent;HoldingEvent,Pre-Event Abnormal Trading; Related-Account Graph; Benchmark-Window Participation; Price Impact,Rules + external/reference data; AI not required,Future NLP can enrich event/news understanding; deterministic trade-event correlation remains the core.
CASE-429,Insider Trading Before Buyback Announcement,insider,Insider dealing / MNPI-linked trading,CorporateEventGrain,CorporateEventGrain;RelationshipGrain;BeneficialOwnerGrain;ParticipantInstrumentGrain;PositionGrain;RuleEvaluationWorkerGrain,ExecutionEvent;CorporateEvent;InsiderRelationshipEvent;HoldingEvent,Pre-Event Abnormal Trading; Related-Account Graph,Rules + external/reference data; AI not required,Future NLP can enrich event/news understanding; deterministic trade-event correlation remains the core.
CASE-430,Insider Trading Before Capital Raise,insider,Insider dealing / MNPI-linked trading,CorporateEventGrain,CorporateEventGrain;RelationshipGrain;BeneficialOwnerGrain;ParticipantInstrumentGrain;PositionGrain;RuleEvaluationWorkerGrain,ExecutionEvent;CorporateEvent;InsiderRelationshipEvent;HoldingEvent,Pre-Event Abnormal Trading; Related-Account Graph,Rules + external/reference data; AI not required,Future NLP can enrich event/news understanding; deterministic trade-event correlation remains the core.
CASE-431,Insider Trading Before Bankruptcy or Restructuring,insider,Insider dealing / MNPI-linked trading,CorporateEventGrain,CorporateEventGrain;RelationshipGrain;BeneficialOwnerGrain;ParticipantInstrumentGrain;PositionGrain;RuleEvaluationWorkerGrain,ExecutionEvent;CorporateEvent;InsiderRelationshipEvent;HoldingEvent,Pre-Event Abnormal Trading; Related-Account Graph,Rules + external/reference data; AI not required,Future NLP can enrich event/news understanding; deterministic trade-event correlation remains the core.
CASE-432,Insider Trading Before Rating Action,insider,Insider dealing / MNPI-linked trading,CorporateEventGrain,CorporateEventGrain;RelationshipGrain;BeneficialOwnerGrain;ParticipantInstrumentGrain;PositionGrain;RuleEvaluationWorkerGrain,ExecutionEvent;CorporateEvent;InsiderRelationshipEvent;HoldingEvent,Pre-Event Abnormal Trading; Related-Account Graph,Rules + external/reference data; AI not required,Future NLP can enrich event/news understanding; deterministic trade-event correlation remains the core.
CASE-433,Long-Sale Mismarking,short_settlement,Short sale / borrow / settlement abuse,ShortSettlementGrain,ShortSettlementGrain;PositionGrain;ParticipantInstrumentGrain;AccountGrain;RuleEvaluationWorkerGrain,ShortSaleEvent;BorrowLocateEvent;SettlementEvent;ExecutionEvent;PositionEvent,Short / Borrow / Settlement Status; Position Concentration; Liquidity Concentration,Rules + borrow/locate/settlement data; AI not required,Not required.
CASE-434,Sham Locate,short_settlement,Short sale / borrow / settlement abuse,ShortSettlementGrain,ShortSettlementGrain;PositionGrain;ParticipantInstrumentGrain;AccountGrain;RuleEvaluationWorkerGrain,ShortSaleEvent;BorrowLocateEvent;SettlementEvent;ExecutionEvent;PositionEvent,Short / Borrow / Settlement Status; Position Concentration,Rules + borrow/locate/settlement data; AI not required,Not required.
CASE-435,Locate Reuse Abuse,short_settlement,Short sale / borrow / settlement abuse,ShortSettlementGrain,ShortSettlementGrain;PositionGrain;ParticipantInstrumentGrain;AccountGrain;RuleEvaluationWorkerGrain,ShortSaleEvent;BorrowLocateEvent;SettlementEvent;ExecutionEvent;PositionEvent,Short / Borrow / Settlement Status; Position Concentration,Rules + borrow/locate/settlement data; AI not required,Not required.
CASE-436,Hard-to-Borrow Locate Fraud,short_settlement,Short sale / borrow / settlement abuse,ShortSettlementGrain,ShortSettlementGrain;PositionGrain;ParticipantInstrumentGrain;AccountGrain;RuleEvaluationWorkerGrain,ShortSaleEvent;BorrowLocateEvent;SettlementEvent;ExecutionEvent;PositionEvent,Short / Borrow / Settlement Status; Position Concentration,Rules + borrow/locate/settlement data; AI not required,Not required.
CASE-437,Synthetic-Short Concealment,cross_product,Cross-product / derivative / ETF / index manipulation,InstrumentRelationGrain,InstrumentRelationGrain;PositionGrain;InstrumentGrain;ParticipantInstrumentGrain;BenchmarkWindowGrain;RuleEvaluationWorkerGrain,ExecutionEvent;OrderEvent;PositionEvent;InstrumentRelationEvent;ReferencePriceEvent,Cross-Product Economic Benefit; Price Impact; Volume Participation,Rules; AI not required,Not required.
CASE-438,Fail-to-Deliver Concealment,short_settlement,Short sale / borrow / settlement abuse,ShortSettlementGrain,ShortSettlementGrain;PositionGrain;ParticipantInstrumentGrain;AccountGrain;RuleEvaluationWorkerGrain,ShortSaleEvent;BorrowLocateEvent;SettlementEvent;ExecutionEvent;PositionEvent,Short / Borrow / Settlement Status; Position Concentration,Rules + borrow/locate/settlement data; AI not required,Not required.
CASE-439,Sham Close-Out Transaction,short_settlement,Short sale / borrow / settlement abuse,ShortSettlementGrain,ShortSettlementGrain;PositionGrain;ParticipantInstrumentGrain;AccountGrain;RuleEvaluationWorkerGrain,ShortSaleEvent;BorrowLocateEvent;SettlementEvent;ExecutionEvent;PositionEvent,Auction Indicative-Price Impact; Price Impact; Volume Participation,Rules + borrow/locate/settlement data; AI not required,Not required.
CASE-440,Threshold-Security Close-Out Evasion,short_settlement,Short sale / borrow / settlement abuse,ShortSettlementGrain,ShortSettlementGrain;PositionGrain;ParticipantInstrumentGrain;AccountGrain;RuleEvaluationWorkerGrain,ShortSaleEvent;BorrowLocateEvent;SettlementEvent;ExecutionEvent;PositionEvent,Auction Indicative-Price Impact; Price Impact; Volume Participation; Related-Account Graph; Position Concentration,Rules + borrow/locate/settlement data; AI not required,Not required.
CASE-441,Chronic Fail Manipulation,short_settlement,Short sale / borrow / settlement abuse,ShortSettlementGrain,ShortSettlementGrain;PositionGrain;ParticipantInstrumentGrain;AccountGrain;RuleEvaluationWorkerGrain,ShortSaleEvent;BorrowLocateEvent;SettlementEvent;ExecutionEvent;PositionEvent,Self / Related Beneficial Owner; Related-Account Graph; Time / Price / Quantity Matching,Rules + borrow/locate/settlement data; AI not required,Not required.
CASE-442,Stock-Borrow Squeeze Manipulation,short_settlement,Short sale / borrow / settlement abuse,ShortSettlementGrain,ShortSettlementGrain;PositionGrain;ParticipantInstrumentGrain;AccountGrain;RuleEvaluationWorkerGrain,ShortSaleEvent;BorrowLocateEvent;SettlementEvent;ExecutionEvent;PositionEvent,Position Concentration; Liquidity Concentration; Price Impact,Rules + borrow/locate/settlement data; AI not required,Not required.
CASE-443,Borrow-Fee Manipulation,securities_lending,Securities lending abuse,SecuritiesLoanGrain,SecuritiesLoanGrain;PositionGrain;AccountGrain;BeneficialOwnerGrain;RuleEvaluationWorkerGrain,SecuritiesLoanEvent;CollateralEvent;SettlementEvent;AccountReference,Short / Borrow / Settlement Status; Position Concentration; Liquidity Concentration,Rules + securities-lending data; AI not required,Not required.
CASE-444,Securities-Lending Wash Transaction,securities_lending,Securities lending abuse,SecuritiesLoanGrain,SecuritiesLoanGrain;PositionGrain;AccountGrain;BeneficialOwnerGrain;RuleEvaluationWorkerGrain,SecuritiesLoanEvent;CollateralEvent;SettlementEvent;AccountReference,Self / Related Beneficial Owner; Time / Price / Quantity Matching; Circular Transaction Graph; Short / Borrow / Settlement Status; Position Concentration,Rules + securities-lending data; AI not required,Not required.
CASE-445,Matched Stock-Loan Transactions,securities_lending,Securities lending abuse,SecuritiesLoanGrain,SecuritiesLoanGrain;PositionGrain;AccountGrain;BeneficialOwnerGrain;RuleEvaluationWorkerGrain,SecuritiesLoanEvent;CollateralEvent;SettlementEvent;AccountReference,Self / Related Beneficial Owner; Time / Price / Quantity Matching; Circular Transaction Graph; Short / Borrow / Settlement Status; Position Concentration,Rules + securities-lending data; AI not required,Not required.
CASE-446,Recall-Timing Manipulation,short_settlement,Short sale / borrow / settlement abuse,ShortSettlementGrain,ShortSettlementGrain;PositionGrain;ParticipantInstrumentGrain;AccountGrain;RuleEvaluationWorkerGrain,ShortSaleEvent;BorrowLocateEvent;SettlementEvent;ExecutionEvent;PositionEvent,Position Concentration; Liquidity Concentration; Price Impact,Rules + borrow/locate/settlement data; AI not required,Not required.
CASE-447,Locate-Availability False Signaling,short_settlement,Short sale / borrow / settlement abuse,ShortSettlementGrain,ShortSettlementGrain;PositionGrain;ParticipantInstrumentGrain;AccountGrain;RuleEvaluationWorkerGrain,ShortSaleEvent;BorrowLocateEvent;SettlementEvent;ExecutionEvent;PositionEvent,Short / Borrow / Settlement Status; Position Concentration,Rules + borrow/locate/settlement data; AI not required,Not required.
CASE-448,Borrow-Inventory Corner,short_settlement,Short sale / borrow / settlement abuse,ShortSettlementGrain,ShortSettlementGrain;PositionGrain;ParticipantInstrumentGrain;AccountGrain;RuleEvaluationWorkerGrain,ShortSaleEvent;BorrowLocateEvent;SettlementEvent;ExecutionEvent;PositionEvent,Position Concentration; Liquidity Concentration; Price Impact,Rules + borrow/locate/settlement data; AI not required,Not required.
CASE-449,Short-Squeeze Ignition,short_settlement,Short sale / borrow / settlement abuse,ShortSettlementGrain,ShortSettlementGrain;PositionGrain;ParticipantInstrumentGrain;AccountGrain;RuleEvaluationWorkerGrain,ShortSaleEvent;BorrowLocateEvent;SettlementEvent;ExecutionEvent;PositionEvent,Position Concentration; Liquidity Concentration; Price Impact,Rules + borrow/locate/settlement data; AI not required,Not required.
CASE-450,Ex-Clearing Settlement Evasion,short_settlement,Short sale / borrow / settlement abuse,ShortSettlementGrain,ShortSettlementGrain;PositionGrain;ParticipantInstrumentGrain;AccountGrain;RuleEvaluationWorkerGrain,ShortSaleEvent;BorrowLocateEvent;SettlementEvent;ExecutionEvent;PositionEvent,Auction Indicative-Price Impact; Price Impact; Volume Participation; Related-Account Graph; Position Concentration,Rules + borrow/locate/settlement data; AI not required,Not required.
CASE-451,Accumulation-Promotion-Distribution Scheme,communications,Promotion / rumor / communications-linked trading,ParticipantInstrumentGrain,ParticipantInstrumentGrain;PositionGrain;RelationshipGrain;CorporateEventGrain;RuleEvaluationWorkerGrain,ExecutionEvent;OrderEvent;PromotionSignal;NewsEvent;RelationshipEvent,Self / Related Beneficial Owner; Related-Account Graph; Time / Price / Quantity Matching; Volume Participation; Position Concentration,"Rules + external communications/news data; AI helpful for text meaning, not required for trade-pattern leg",Future AI is useful for text meaning and communications analysis. Trade-side detection remains deterministic.
CASE-452,Coordinated Limit-Order Pump,coordination,Related-account / coordinated-group behavior,CoordinationWindowGrain,CoordinationWindowGrain;RelationshipGrain;AccountGrain;BeneficialOwnerGrain;ParticipantInstrumentGrain;RuleEvaluationWorkerGrain,ExecutionEvent;OrderEvent;RelationshipEvent;AccountReference,Price Impact; Volume Participation; Rapid Position Reversal; Self / Related Beneficial Owner; Related-Account Graph,Rules + relationship/beneficial-owner data; AI/ML optional for unknown clusters,Optional later for discovering unknown clusters; known relationships remain deterministic.
CASE-453,Opening-Gap Pump,auction_close,Opening / closing / auction manipulation,AuctionGrain,AuctionGrain;OrderBookGrain;InstrumentGrain;ParticipantInstrumentGrain;RuleEvaluationWorkerGrain,AuctionEvent;OrderEvent;ExecutionEvent;MarketPhaseEvent,Auction Indicative-Price Impact; Price Impact; Volume Participation,Rules; AI not required,Not required.
CASE-454,Closing-Price Pump,communications,Promotion / rumor / communications-linked trading,ParticipantInstrumentGrain,ParticipantInstrumentGrain;PositionGrain;RelationshipGrain;CorporateEventGrain;RuleEvaluationWorkerGrain,ExecutionEvent;OrderEvent;PromotionSignal;NewsEvent;RelationshipEvent,Auction Indicative-Price Impact; Price Impact; Volume Participation; Rapid Position Reversal; Position Concentration,"Rules + external communications/news data; AI helpful for text meaning, not required for trade-pattern leg",Future AI is useful for text meaning and communications analysis. Trade-side detection remains deterministic.
CASE-455,Low-Float Squeeze Pump,price_momentum,Price / momentum / tape manipulation,InstrumentGrain,InstrumentGrain;OrderBookGrain;ParticipantInstrumentGrain;PositionGrain;RuleEvaluationWorkerGrain,ExecutionEvent;OrderEvent;MarketStateEvent,Price Impact; Volume Participation; Rapid Position Reversal; Position Concentration; Liquidity Concentration,Rules; external promotion data may enrich pump/rumor variants,Not required for core detection.
CASE-456,Nominee-Account Pump,coordination,Related-account / coordinated-group behavior,CoordinationWindowGrain,CoordinationWindowGrain;RelationshipGrain;AccountGrain;BeneficialOwnerGrain;ParticipantInstrumentGrain;RuleEvaluationWorkerGrain,ExecutionEvent;OrderEvent;RelationshipEvent;AccountReference,Price Impact; Volume Participation; Rapid Position Reversal; Self / Related Beneficial Owner; Related-Account Graph,Rules + relationship/beneficial-owner data; AI/ML optional for unknown clusters,Optional later for discovering unknown clusters; known relationships remain deterministic.
CASE-457,Pump-and-Dump with Options,communications,Promotion / rumor / communications-linked trading,ParticipantInstrumentGrain,ParticipantInstrumentGrain;PositionGrain;RelationshipGrain;CorporateEventGrain;RuleEvaluationWorkerGrain,ExecutionEvent;OrderEvent;PromotionSignal;NewsEvent;RelationshipEvent,Price Impact; Volume Participation; Rapid Position Reversal; Cross-Product Economic Benefit,"Rules + external communications/news data; AI helpful for text meaning, not required for trade-pattern leg",Future AI is useful for text meaning and communications analysis. Trade-side detection remains deterministic.
CASE-458,Pump-and-Dump with Warrants,communications,Promotion / rumor / communications-linked trading,ParticipantInstrumentGrain,ParticipantInstrumentGrain;PositionGrain;RelationshipGrain;CorporateEventGrain;RuleEvaluationWorkerGrain,ExecutionEvent;OrderEvent;PromotionSignal;NewsEvent;RelationshipEvent,Price Impact; Volume Participation; Rapid Position Reversal,"Rules + external communications/news data; AI helpful for text meaning, not required for trade-pattern leg",Future AI is useful for text meaning and communications analysis. Trade-side detection remains deterministic.
CASE-459,Pump Before Financing,price_momentum,Price / momentum / tape manipulation,InstrumentGrain,InstrumentGrain;OrderBookGrain;ParticipantInstrumentGrain;PositionGrain;RuleEvaluationWorkerGrain,ExecutionEvent;OrderEvent;MarketStateEvent,Price Impact; Volume Participation; Rapid Position Reversal,Rules; external promotion data may enrich pump/rumor variants,Not required for core detection.
CASE-460,Pump Before Insider Sale,insider,Insider dealing / MNPI-linked trading,CorporateEventGrain,CorporateEventGrain;RelationshipGrain;BeneficialOwnerGrain;ParticipantInstrumentGrain;PositionGrain;RuleEvaluationWorkerGrain,ExecutionEvent;CorporateEvent;InsiderRelationshipEvent;HoldingEvent,Price Impact; Volume Participation; Rapid Position Reversal; Pre-Event Abnormal Trading; Related-Account Graph,Rules + external/reference data; AI not required,Future NLP can enrich event/news understanding; deterministic trade-event correlation remains the core.
CASE-461,Pump Before Share Issuance,price_momentum,Price / momentum / tape manipulation,InstrumentGrain,InstrumentGrain;OrderBookGrain;ParticipantInstrumentGrain;PositionGrain;RuleEvaluationWorkerGrain,ExecutionEvent;OrderEvent;MarketStateEvent,Price Impact; Volume Participation; Rapid Position Reversal; Pre-Event Abnormal Trading; Benchmark-Window Participation,Rules; external promotion data may enrich pump/rumor variants,Not required for core detection.
CASE-462,Multi-Broker Dumping,coordination,Related-account / coordinated-group behavior,CoordinationWindowGrain,CoordinationWindowGrain;RelationshipGrain;AccountGrain;BeneficialOwnerGrain;ParticipantInstrumentGrain;RuleEvaluationWorkerGrain,ExecutionEvent;OrderEvent;RelationshipEvent;AccountReference,Price Impact; Volume Participation; Rapid Position Reversal; Self / Related Beneficial Owner; Related-Account Graph,Rules + relationship/beneficial-owner data; AI/ML optional for unknown clusters,Optional later for discovering unknown clusters; known relationships remain deterministic.
CASE-463,Pump-and-Reload Cycle,price_momentum,Price / momentum / tape manipulation,InstrumentGrain,InstrumentGrain;OrderBookGrain;ParticipantInstrumentGrain;PositionGrain;RuleEvaluationWorkerGrain,ExecutionEvent;OrderEvent;MarketStateEvent,Price Impact; Volume Participation; Rapid Position Reversal,Rules; external promotion data may enrich pump/rumor variants,Not required for core detection.
CASE-464,Investment-Group Signal Scam Trading,communications,Promotion / rumor / communications-linked trading,ParticipantInstrumentGrain,ParticipantInstrumentGrain;PositionGrain;RelationshipGrain;CorporateEventGrain;RuleEvaluationWorkerGrain,ExecutionEvent;OrderEvent;PromotionSignal;NewsEvent;RelationshipEvent,Self / Related Beneficial Owner; Related-Account Graph; Time / Price / Quantity Matching,"Rules + external communications/news data; AI helpful for text meaning, not required for trade-pattern leg",Future AI is useful for text meaning and communications analysis. Trade-side detection remains deterministic.
CASE-465,Nominee-Funnel-to-Omnibus Scheme,coordination,Related-account / coordinated-group behavior,CoordinationWindowGrain,CoordinationWindowGrain;RelationshipGrain;AccountGrain;BeneficialOwnerGrain;ParticipantInstrumentGrain;RuleEvaluationWorkerGrain,ExecutionEvent;OrderEvent;RelationshipEvent;AccountReference,Self / Related Beneficial Owner; Related-Account Graph; Time / Price / Quantity Matching,Rules + relationship/beneficial-owner data; AI/ML optional for unknown clusters,Optional later for discovering unknown clusters; known relationships remain deterministic.
CASE-466,Victim-Order Price Support,price_momentum,Price / momentum / tape manipulation,InstrumentGrain,InstrumentGrain;OrderBookGrain;ParticipantInstrumentGrain;PositionGrain;RuleEvaluationWorkerGrain,ExecutionEvent;OrderEvent;MarketStateEvent,Price Impact; Volume Participation; Rapid Position Reversal,Rules; external promotion data may enrich pump/rumor variants,Not required for core detection.
CASE-467,Promotion-Triggered Liquidity Exit,communications,Promotion / rumor / communications-linked trading,ParticipantInstrumentGrain,ParticipantInstrumentGrain;PositionGrain;RelationshipGrain;CorporateEventGrain;RuleEvaluationWorkerGrain,ExecutionEvent;OrderEvent;PromotionSignal;NewsEvent;RelationshipEvent,Volume Participation; Position Concentration; Related-Account Graph,"Rules + external communications/news data; AI helpful for text meaning, not required for trade-pattern leg",Future AI is useful for text meaning and communications analysis. Trade-side detection remains deterministic.
CASE-468,Rebate-Farming Self-Match,wash_matched,Wash / matched / self / circular trading,ParticipantInstrumentGrain,ParticipantInstrumentGrain;AccountGrain;BeneficialOwnerGrain;RelationshipGrain;CoordinationWindowGrain;RuleEvaluationWorkerGrain,ExecutionEvent;RelationshipEvent;AccountReference,Self / Related Beneficial Owner; Time / Price / Quantity Matching; Circular Transaction Graph,Rules; AI not required; ownership/reference data strongly improves detection,Optional later for unknown coordination clusters; not required for known-rule detection.
CASE-469,Fee-Tier Volume Inflation,wash_matched,Wash / matched / self / circular trading,ParticipantInstrumentGrain,ParticipantInstrumentGrain;AccountGrain;BeneficialOwnerGrain;RelationshipGrain;CoordinationWindowGrain;RuleEvaluationWorkerGrain,ExecutionEvent;RelationshipEvent;AccountReference,Price Impact; Volume Participation; Rapid Position Reversal,Rules; AI not required; ownership/reference data strongly improves detection,Optional later for unknown coordination clusters; not required for known-rule detection.
CASE-470,Market-Share Incentive Wash Trading,wash_matched,Wash / matched / self / circular trading,ParticipantInstrumentGrain,ParticipantInstrumentGrain;AccountGrain;BeneficialOwnerGrain;RelationshipGrain;CoordinationWindowGrain;RuleEvaluationWorkerGrain,ExecutionEvent;RelationshipEvent;AccountReference,Self / Related Beneficial Owner; Time / Price / Quantity Matching; Circular Transaction Graph,Rules; AI not required; ownership/reference data strongly improves detection,Optional later for unknown coordination clusters; not required for known-rule detection.
CASE-471,Liquidity-Program Gaming,routing_venue,Routing / execution quality / ATS / venue conflict,RoutingQualityGrain,RoutingQualityGrain;ClientOrderWindowGrain;ParticipantInstrumentGrain;VenueGrain;RuleEvaluationWorkerGrain,ClientOrderEvent;RoutingDecisionEvent;ExecutionEvent;VenueFeeEvent;NBBOEvent,Displayed-Size Anomaly; Volume Participation; Liquidity Concentration; Order-Message Burst Rate; Order Lifetime,Rules + routing/venue configuration and fee data; AI not required,Not required.
CASE-472,Coordinated Quote Widening,coordination,Related-account / coordinated-group behavior,CoordinationWindowGrain,CoordinationWindowGrain;RelationshipGrain;AccountGrain;BeneficialOwnerGrain;ParticipantInstrumentGrain;RuleEvaluationWorkerGrain,ExecutionEvent;OrderEvent;RelationshipEvent;AccountReference,Displayed-Size Anomaly; Multi-Level Depth Pressure; Price Impact; Liquidity Concentration; Self / Related Beneficial Owner,Rules + relationship/beneficial-owner data; AI/ML optional for unknown clusters,Optional later for discovering unknown clusters; known relationships remain deterministic.
CASE-473,Coordinated Quote Narrowing,coordination,Related-account / coordinated-group behavior,CoordinationWindowGrain,CoordinationWindowGrain;RelationshipGrain;AccountGrain;BeneficialOwnerGrain;ParticipantInstrumentGrain;RuleEvaluationWorkerGrain,ExecutionEvent;OrderEvent;RelationshipEvent;AccountReference,Displayed-Size Anomaly; Multi-Level Depth Pressure; Price Impact; Liquidity Concentration; Benchmark-Window Participation,Rules + relationship/beneficial-owner data; AI/ML optional for unknown clusters,Optional later for discovering unknown clusters; known relationships remain deterministic.
CASE-474,Market-Maker Quote Synchronization,coordination,Related-account / coordinated-group behavior,CoordinationWindowGrain,CoordinationWindowGrain;RelationshipGrain;AccountGrain;BeneficialOwnerGrain;ParticipantInstrumentGrain;RuleEvaluationWorkerGrain,ExecutionEvent;OrderEvent;RelationshipEvent;AccountReference,Displayed-Size Anomaly; Multi-Level Depth Pressure; Price Impact; Liquidity Concentration; Volume Participation,Rules + relationship/beneficial-owner data; AI/ML optional for unknown clusters,Optional later for discovering unknown clusters; known relationships remain deterministic.
CASE-475,Fake Two-Sided Market,coordination,Related-account / coordinated-group behavior,CoordinationWindowGrain,CoordinationWindowGrain;RelationshipGrain;AccountGrain;BeneficialOwnerGrain;ParticipantInstrumentGrain;RuleEvaluationWorkerGrain,ExecutionEvent;OrderEvent;RelationshipEvent;AccountReference,Displayed-Size Anomaly; Multi-Level Depth Pressure; Price Impact; Liquidity Concentration,Rules + relationship/beneficial-owner data; AI/ML optional for unknown clusters,Optional later for discovering unknown clusters; known relationships remain deterministic.
CASE-476,Skewed Two-Sided Quote Manipulation,coordination,Related-account / coordinated-group behavior,CoordinationWindowGrain,CoordinationWindowGrain;RelationshipGrain;AccountGrain;BeneficialOwnerGrain;ParticipantInstrumentGrain;RuleEvaluationWorkerGrain,ExecutionEvent;OrderEvent;RelationshipEvent;AccountReference,Displayed-Size Anomaly; Multi-Level Depth Pressure; Price Impact; Liquidity Concentration,Rules + relationship/beneficial-owner data; AI/ML optional for unknown clusters,Optional later for discovering unknown clusters; known relationships remain deterministic.
CASE-477,Conditional-Order Information Abuse,front_run,Front running / trading ahead / client-order misuse,ClientOrderWindowGrain,ClientOrderWindowGrain;ParticipantInstrumentGrain;TraderGrain;AccountGrain;RoutingQualityGrain;RuleEvaluationWorkerGrain,ClientOrderEvent;ExecutionEvent;OrderEvent;RoutingDecisionEvent,Pre-Event Abnormal Trading; Time / Price / Quantity Matching; Price Impact,Rules + customer/order-source data; AI not required,Not required.
CASE-478,IOI Leakage Trading Abuse,front_run,Front running / trading ahead / client-order misuse,ClientOrderWindowGrain,ClientOrderWindowGrain;ParticipantInstrumentGrain;TraderGrain;AccountGrain;RoutingQualityGrain;RuleEvaluationWorkerGrain,ClientOrderEvent;ExecutionEvent;OrderEvent;RoutingDecisionEvent,Pre-Event Abnormal Trading; Time / Price / Quantity Matching; Price Impact,Rules + customer/order-source data; AI not required,Not required.
CASE-479,Venue-Operator Proprietary Front Running,front_run,Front running / trading ahead / client-order misuse,ClientOrderWindowGrain,ClientOrderWindowGrain;ParticipantInstrumentGrain;TraderGrain;AccountGrain;RoutingQualityGrain;RuleEvaluationWorkerGrain,ClientOrderEvent;ExecutionEvent;OrderEvent;RoutingDecisionEvent,Self / Related Beneficial Owner; Related-Account Graph; Time / Price / Quantity Matching; Pre-Event Abnormal Trading; Price Impact,Rules + customer/order-source data; AI not required,Not required.
CASE-480,Selective Latency Advantage Abuse,probing_algo,Probing / algorithmic liquidity discovery abuse,OrderBookGrain,OrderBookGrain;ParticipantInstrumentGrain;InstrumentGrain;RuleEvaluationWorkerGrain,OrderEvent;ExecutionEvent;BookSnapshot,Auction Indicative-Price Impact; Price Impact; Volume Participation; Cross-Venue Synchronization; Related-Account Graph,Rules; AI/ML optional for adaptive algorithm patterns,Optional later for adaptive/novel algorithm patterns; core scenarios are rules.
CASE-481,Hidden Order-Priority Advantage,probing_algo,Probing / algorithmic liquidity discovery abuse,OrderBookGrain,OrderBookGrain;ParticipantInstrumentGrain;InstrumentGrain;RuleEvaluationWorkerGrain,OrderEvent;ExecutionEvent;BookSnapshot,Auction Indicative-Price Impact; Price Impact; Volume Participation; Order-Message Burst Rate; Order Lifetime,Rules; AI/ML optional for adaptive algorithm patterns,Optional later for adaptive/novel algorithm patterns; core scenarios are rules.
CASE-482,Broker Crossing-Engine Favoritism,routing_venue,Routing / execution quality / ATS / venue conflict,RoutingQualityGrain,RoutingQualityGrain;ClientOrderWindowGrain;ParticipantInstrumentGrain;VenueGrain;RuleEvaluationWorkerGrain,ClientOrderEvent;RoutingDecisionEvent;ExecutionEvent;VenueFeeEvent;NBBOEvent,Self / Related Beneficial Owner; Related-Account Graph; Time / Price / Quantity Matching,Rules + routing/venue configuration and fee data; AI not required,Not required.
CASE-483,Affiliate Internalization Favoritism,routing_venue,Routing / execution quality / ATS / venue conflict,RoutingQualityGrain,RoutingQualityGrain;ClientOrderWindowGrain;ParticipantInstrumentGrain;VenueGrain;RuleEvaluationWorkerGrain,ClientOrderEvent;RoutingDecisionEvent;ExecutionEvent;VenueFeeEvent;NBBOEvent,Self / Related Beneficial Owner; Related-Account Graph; Time / Price / Quantity Matching; Cross-Venue Synchronization; Trade-Report Timing / Accuracy,Rules + routing/venue configuration and fee data; AI not required,Not required.
CASE-484,Internalizer Price-Shading Abuse,routing_venue,Routing / execution quality / ATS / venue conflict,RoutingQualityGrain,RoutingQualityGrain;ClientOrderWindowGrain;ParticipantInstrumentGrain;VenueGrain;RuleEvaluationWorkerGrain,ClientOrderEvent;RoutingDecisionEvent;ExecutionEvent;VenueFeeEvent;NBBOEvent,Cross-Venue Synchronization; Trade-Report Timing / Accuracy; Price Impact,Rules + routing/venue configuration and fee data; AI not required,Not required.
CASE-485,Trade-Through Concealment,routing_venue,Routing / execution quality / ATS / venue conflict,RoutingQualityGrain,RoutingQualityGrain;ClientOrderWindowGrain;ParticipantInstrumentGrain;VenueGrain;RuleEvaluationWorkerGrain,ClientOrderEvent;RoutingDecisionEvent;ExecutionEvent;VenueFeeEvent;NBBOEvent,Displayed-Size Anomaly; Multi-Level Depth Pressure; Price Impact; Liquidity Concentration,Rules + routing/venue configuration and fee data; AI not required,Not required.
CASE-486,Stale-Quote Creation and Exploitation,routing_venue,Routing / execution quality / ATS / venue conflict,RoutingQualityGrain,RoutingQualityGrain;ClientOrderWindowGrain;ParticipantInstrumentGrain;VenueGrain;RuleEvaluationWorkerGrain,ClientOrderEvent;RoutingDecisionEvent;ExecutionEvent;VenueFeeEvent;NBBOEvent,Displayed-Size Anomaly; Multi-Level Depth Pressure; Price Impact; Liquidity Concentration,Rules + routing/venue configuration and fee data; AI not required,Not required.
CASE-487,Midpoint Reference Manipulation by Venue User,benchmark,Benchmark / VWAP / TWAP / settlement reference abuse,BenchmarkWindowGrain,BenchmarkWindowGrain;InstrumentGrain;ParticipantInstrumentGrain;PositionGrain;InstrumentRelationGrain;RuleEvaluationWorkerGrain,ExecutionEvent;BenchmarkEvent;PositionEvent;ReferencePriceEvent,Cross-Venue Synchronization; Trade-Report Timing / Accuracy; Price Impact,Rules; AI not required,Not required.
CASE-488,Duplicate Trade Reporting Manipulation,reporting,Trade reporting / publication / identifier manipulation,TradeReportingGrain,TradeReportingGrain;ParticipantInstrumentGrain;AccountGrain;RelationshipGrain;RuleEvaluationWorkerGrain,ExecutionEvent;TradeReportEvent;IdentifierEvent;MarketDataPublicationEvent,Trade-Report Timing / Accuracy; Time / Price / Quantity Matching,Rules; AI not required,Not required.
CASE-489,Cancelled-Trade Publication Abuse,reporting,Trade reporting / publication / identifier manipulation,TradeReportingGrain,TradeReportingGrain;ParticipantInstrumentGrain;AccountGrain;RelationshipGrain;RuleEvaluationWorkerGrain,ExecutionEvent;TradeReportEvent;IdentifierEvent;MarketDataPublicationEvent,Trade-Report Timing / Accuracy; Time / Price / Quantity Matching,Rules; AI not required,Not required.
CASE-490,False Trade Timestamp Reporting,reporting,Trade reporting / publication / identifier manipulation,TradeReportingGrain,TradeReportingGrain;ParticipantInstrumentGrain;AccountGrain;RelationshipGrain;RuleEvaluationWorkerGrain,ExecutionEvent;TradeReportEvent;IdentifierEvent;MarketDataPublicationEvent,Price Impact; Volume Participation; Rapid Position Reversal,Rules; AI not required,Not required.
CASE-491,False Venue Reporting,reporting,Trade reporting / publication / identifier manipulation,TradeReportingGrain,TradeReportingGrain;ParticipantInstrumentGrain;AccountGrain;RelationshipGrain;RuleEvaluationWorkerGrain,ExecutionEvent;TradeReportEvent;IdentifierEvent;MarketDataPublicationEvent,Self / Related Beneficial Owner; Related-Account Graph; Time / Price / Quantity Matching,Rules; AI not required,Not required.
CASE-492,False Capacity Reporting,reporting,Trade reporting / publication / identifier manipulation,TradeReportingGrain,TradeReportingGrain;ParticipantInstrumentGrain;AccountGrain;RelationshipGrain;RuleEvaluationWorkerGrain,ExecutionEvent;TradeReportEvent;IdentifierEvent;MarketDataPublicationEvent,Time / Price / Quantity Matching; Trade-Report Timing / Accuracy; Price Impact,Rules; AI not required,Not required.
CASE-493,False Short-Sale Indicator Reporting,short_settlement,Short sale / borrow / settlement abuse,ShortSettlementGrain,ShortSettlementGrain;PositionGrain;ParticipantInstrumentGrain;AccountGrain;RuleEvaluationWorkerGrain,ShortSaleEvent;BorrowLocateEvent;SettlementEvent;ExecutionEvent;PositionEvent,Self / Related Beneficial Owner; Related-Account Graph; Time / Price / Quantity Matching,Rules + borrow/locate/settlement data; AI not required,Not required.
CASE-494,False Account-Type Reporting,reporting,Trade reporting / publication / identifier manipulation,TradeReportingGrain,TradeReportingGrain;ParticipantInstrumentGrain;AccountGrain;RelationshipGrain;RuleEvaluationWorkerGrain,ExecutionEvent;TradeReportEvent;IdentifierEvent;MarketDataPublicationEvent,Displayed-Size Anomaly; Volume Participation; Liquidity Concentration,Rules; AI not required,Not required.
CASE-495,False Order-Origin Reporting,reporting,Trade reporting / publication / identifier manipulation,TradeReportingGrain,TradeReportingGrain;ParticipantInstrumentGrain;AccountGrain;RelationshipGrain;RuleEvaluationWorkerGrain,ExecutionEvent;TradeReportEvent;IdentifierEvent;MarketDataPublicationEvent,Displayed-Size Anomaly; Multi-Level Depth Pressure; Price Impact; Liquidity Concentration,Rules; AI not required,Not required.
CASE-496,False Cancel/Correct Report,reporting,Trade reporting / publication / identifier manipulation,TradeReportingGrain,TradeReportingGrain;ParticipantInstrumentGrain;AccountGrain;RelationshipGrain;RuleEvaluationWorkerGrain,ExecutionEvent;TradeReportEvent;IdentifierEvent;MarketDataPublicationEvent,Price Impact; Volume Participation; Rapid Position Reversal,Rules; AI not required,Not required.
CASE-497,Broken-Trade Concealment,reporting,Trade reporting / publication / identifier manipulation,TradeReportingGrain,TradeReportingGrain;ParticipantInstrumentGrain;AccountGrain;RelationshipGrain;RuleEvaluationWorkerGrain,ExecutionEvent;TradeReportEvent;IdentifierEvent;MarketDataPublicationEvent,Price Impact; Volume Participation; Rapid Position Reversal,Rules; AI not required,Not required.
CASE-498,Block-Size Misreporting,reporting,Trade reporting / publication / identifier manipulation,TradeReportingGrain,TradeReportingGrain;ParticipantInstrumentGrain;AccountGrain;RelationshipGrain;RuleEvaluationWorkerGrain,ExecutionEvent;TradeReportEvent;IdentifierEvent;MarketDataPublicationEvent,Self / Related Beneficial Owner; Related-Account Graph; Time / Price / Quantity Matching,Rules; AI not required,Not required.
CASE-499,Out-of-Sequence Print Manipulation,reporting,Trade reporting / publication / identifier manipulation,TradeReportingGrain,TradeReportingGrain;ParticipantInstrumentGrain;AccountGrain;RelationshipGrain;RuleEvaluationWorkerGrain,ExecutionEvent;TradeReportEvent;IdentifierEvent;MarketDataPublicationEvent,Price Impact; Volume Participation; Rapid Position Reversal,Rules; AI not required,Not required.
CASE-500,Off-Exchange Print Price Manipulation,reporting,Trade reporting / publication / identifier manipulation,TradeReportingGrain,TradeReportingGrain;ParticipantInstrumentGrain;AccountGrain;RelationshipGrain;RuleEvaluationWorkerGrain,ExecutionEvent;TradeReportEvent;IdentifierEvent;MarketDataPublicationEvent,Price Impact; Volume Participation; Rapid Position Reversal; Benchmark-Window Participation,Rules; AI not required,Not required.
CASE-501,Trade-Report Suppression,reporting,Trade reporting / publication / identifier manipulation,TradeReportingGrain,TradeReportingGrain;ParticipantInstrumentGrain;AccountGrain;RelationshipGrain;RuleEvaluationWorkerGrain,ExecutionEvent;TradeReportEvent;IdentifierEvent;MarketDataPublicationEvent,Trade-Report Timing / Accuracy; Time / Price / Quantity Matching,Rules; AI not required,Not required.
CASE-502,Phantom Trade Print,reporting,Trade reporting / publication / identifier manipulation,TradeReportingGrain,TradeReportingGrain;ParticipantInstrumentGrain;AccountGrain;RelationshipGrain;RuleEvaluationWorkerGrain,ExecutionEvent;TradeReportEvent;IdentifierEvent;MarketDataPublicationEvent,Price Impact; Volume Participation; Rapid Position Reversal,Rules; AI not required,Not required.
CASE-503,Pump-and-Dump Reporting Delay,reporting,Trade reporting / publication / identifier manipulation,TradeReportingGrain,TradeReportingGrain;ParticipantInstrumentGrain;AccountGrain;RelationshipGrain;RuleEvaluationWorkerGrain,ExecutionEvent;TradeReportEvent;IdentifierEvent;MarketDataPublicationEvent,Price Impact; Volume Participation; Rapid Position Reversal,Rules; AI not required,Not required.
CASE-504,Average-Price Allocation Concealment,reporting,Trade reporting / publication / identifier manipulation,TradeReportingGrain,TradeReportingGrain;ParticipantInstrumentGrain;AccountGrain;RelationshipGrain;RuleEvaluationWorkerGrain,ExecutionEvent;TradeReportEvent;IdentifierEvent;MarketDataPublicationEvent,Volume Participation; Pre-Event Abnormal Trading; Price Impact; Time / Price / Quantity Matching; Trade-Report Timing / Accuracy,Rules; AI not required,Not required.
CASE-505,Multi-Account Layering,spoof_layer,Spoofing / layering / deceptive liquidity,OrderBookGrain,OrderBookGrain;ParticipantInstrumentGrain;TraderGrain;AccountGrain;RuleEvaluationWorkerGrain,OrderEvent;ExecutionEvent;BookSnapshot,Cancellation Ratio; Order Lifetime; Displayed-Size Anomaly; Multi-Level Depth Pressure; Opposite-Side Execution,Rules; AI not required,Not required for core detection.
CASE-506,Multi-Broker Spoofing,spoof_layer,Spoofing / layering / deceptive liquidity,OrderBookGrain,OrderBookGrain;ParticipantInstrumentGrain;TraderGrain;AccountGrain;RuleEvaluationWorkerGrain,OrderEvent;ExecutionEvent;BookSnapshot,Cancellation Ratio; Order Lifetime; Displayed-Size Anomaly; Multi-Level Depth Pressure; Opposite-Side Execution,Rules; AI not required,Not required for core detection.
CASE-507,Multi-Venue Spoofing,spoof_layer,Spoofing / layering / deceptive liquidity,OrderBookGrain,OrderBookGrain;ParticipantInstrumentGrain;TraderGrain;AccountGrain;RuleEvaluationWorkerGrain,OrderEvent;ExecutionEvent;BookSnapshot,Cancellation Ratio; Order Lifetime; Displayed-Size Anomaly; Multi-Level Depth Pressure; Opposite-Side Execution,Rules; AI not required,Not required for core detection.
CASE-508,Beneficial-Owner Cross-Broker Self-Trade,coordination,Related-account / coordinated-group behavior,CoordinationWindowGrain,CoordinationWindowGrain;RelationshipGrain;AccountGrain;BeneficialOwnerGrain;ParticipantInstrumentGrain;RuleEvaluationWorkerGrain,ExecutionEvent;OrderEvent;RelationshipEvent;AccountReference,Self / Related Beneficial Owner; Time / Price / Quantity Matching; Circular Transaction Graph; Cross-Venue Synchronization; Related-Account Graph,Rules + relationship/beneficial-owner data; AI/ML optional for unknown clusters,Optional later for discovering unknown clusters; known relationships remain deterministic.
CASE-509,Nominee Account Rotation,coordination,Related-account / coordinated-group behavior,CoordinationWindowGrain,CoordinationWindowGrain;RelationshipGrain;AccountGrain;BeneficialOwnerGrain;ParticipantInstrumentGrain;RuleEvaluationWorkerGrain,ExecutionEvent;OrderEvent;RelationshipEvent;AccountReference,Self / Related Beneficial Owner; Related-Account Graph; Time / Price / Quantity Matching,Rules + relationship/beneficial-owner data; AI/ML optional for unknown clusters,Optional later for discovering unknown clusters; known relationships remain deterministic.
CASE-510,Trader-Identifier Switching,evasion,Threshold / identity / surveillance-evasion behavior,RelationshipGrain,RelationshipGrain;AccountGrain;TraderGrain;ParticipantInstrumentGrain;CoordinationWindowGrain;RuleEvaluationWorkerGrain,OrderEvent;ExecutionEvent;IdentifierEvent;RelationshipEvent,Trade-Report Timing / Accuracy; Time / Price / Quantity Matching,Rules + identity/relationship resolution; AI not required,Not required; entity-resolution AI could enrich later.
CASE-511,Algorithm-Identifier Switching,probing_algo,Probing / algorithmic liquidity discovery abuse,OrderBookGrain,OrderBookGrain;ParticipantInstrumentGrain;InstrumentGrain;RuleEvaluationWorkerGrain,OrderEvent;ExecutionEvent;BookSnapshot,Trade-Report Timing / Accuracy; Time / Price / Quantity Matching; Order-Message Burst Rate; Order Lifetime; Cross-Venue Synchronization,Rules; AI/ML optional for adaptive algorithm patterns,Optional later for adaptive/novel algorithm patterns; core scenarios are rules.
CASE-512,Subaccount Cycling,evasion,Threshold / identity / surveillance-evasion behavior,RelationshipGrain,RelationshipGrain;AccountGrain;TraderGrain;ParticipantInstrumentGrain;CoordinationWindowGrain;RuleEvaluationWorkerGrain,OrderEvent;ExecutionEvent;IdentifierEvent;RelationshipEvent,Related-Account Graph; Position Concentration,Rules + identity/relationship resolution; AI not required,Not required; entity-resolution AI could enrich later.
CASE-513,Temporal Threshold Evasion,evasion,Threshold / identity / surveillance-evasion behavior,RelationshipGrain,RelationshipGrain;AccountGrain;TraderGrain;ParticipantInstrumentGrain;CoordinationWindowGrain;RuleEvaluationWorkerGrain,OrderEvent;ExecutionEvent;IdentifierEvent;RelationshipEvent,Related-Account Graph; Position Concentration,Rules + identity/relationship resolution; AI not required,Not required; entity-resolution AI could enrich later.
CASE-514,Cross-Security Threshold Evasion,evasion,Threshold / identity / surveillance-evasion behavior,RelationshipGrain,RelationshipGrain;AccountGrain;TraderGrain;ParticipantInstrumentGrain;CoordinationWindowGrain;RuleEvaluationWorkerGrain,OrderEvent;ExecutionEvent;IdentifierEvent;RelationshipEvent,Related-Account Graph; Position Concentration,Rules + identity/relationship resolution; AI not required,Not required; entity-resolution AI could enrich later.
CASE-515,Common-Funding Coordinated Trading,coordination,Related-account / coordinated-group behavior,CoordinationWindowGrain,CoordinationWindowGrain;RelationshipGrain;AccountGrain;BeneficialOwnerGrain;ParticipantInstrumentGrain;RuleEvaluationWorkerGrain,ExecutionEvent;OrderEvent;RelationshipEvent;AccountReference,Self / Related Beneficial Owner; Related-Account Graph; Time / Price / Quantity Matching,Rules + relationship/beneficial-owner data; AI/ML optional for unknown clusters,Optional later for discovering unknown clusters; known relationships remain deterministic.
CASE-516,Common-Withdrawal Coordinated Trading,coordination,Related-account / coordinated-group behavior,CoordinationWindowGrain,CoordinationWindowGrain;RelationshipGrain;AccountGrain;BeneficialOwnerGrain;ParticipantInstrumentGrain;RuleEvaluationWorkerGrain,ExecutionEvent;OrderEvent;RelationshipEvent;AccountReference,Self / Related Beneficial Owner; Related-Account Graph; Time / Price / Quantity Matching,Rules + relationship/beneficial-owner data; AI/ML optional for unknown clusters,Optional later for discovering unknown clusters; known relationships remain deterministic.
CASE-517,Synchronized-Access Trading Scheme,coordination,Related-account / coordinated-group behavior,CoordinationWindowGrain,CoordinationWindowGrain;RelationshipGrain;AccountGrain;BeneficialOwnerGrain;ParticipantInstrumentGrain;RuleEvaluationWorkerGrain,ExecutionEvent;OrderEvent;RelationshipEvent;AccountReference,Price Impact; Volume Participation; Rapid Position Reversal,Rules + relationship/beneficial-owner data; AI/ML optional for unknown clusters,Optional later for discovering unknown clusters; known relationships remain deterministic.
CASE-518,Related-Account Order Relay,coordination,Related-account / coordinated-group behavior,CoordinationWindowGrain,CoordinationWindowGrain;RelationshipGrain;AccountGrain;BeneficialOwnerGrain;ParticipantInstrumentGrain;RuleEvaluationWorkerGrain,ExecutionEvent;OrderEvent;RelationshipEvent;AccountReference,Self / Related Beneficial Owner; Related-Account Graph; Time / Price / Quantity Matching,Rules + relationship/beneficial-owner data; AI/ML optional for unknown clusters,Optional later for discovering unknown clusters; known relationships remain deterministic.
CASE-519,Position-Limit Evasion Through Related Accounts,coordination,Related-account / coordinated-group behavior,CoordinationWindowGrain,CoordinationWindowGrain;RelationshipGrain;AccountGrain;BeneficialOwnerGrain;ParticipantInstrumentGrain;RuleEvaluationWorkerGrain,ExecutionEvent;OrderEvent;RelationshipEvent;AccountReference,Self / Related Beneficial Owner; Related-Account Graph; Time / Price / Quantity Matching; Position Concentration; Liquidity Concentration,Rules + relationship/beneficial-owner data; AI/ML optional for unknown clusters,Optional later for discovering unknown clusters; known relationships remain deterministic.
CASE-520,Position-Limit Evasion Through Derivatives,cross_product,Cross-product / derivative / ETF / index manipulation,InstrumentRelationGrain,InstrumentRelationGrain;PositionGrain;InstrumentGrain;ParticipantInstrumentGrain;BenchmarkWindowGrain;RuleEvaluationWorkerGrain,ExecutionEvent;OrderEvent;PositionEvent;InstrumentRelationEvent;ReferencePriceEvent,Cross-Product Economic Benefit; Price Impact; Volume Participation; Related-Account Graph; Position Concentration,Rules; AI not required,Not required.
CASE-521,Non-Bona-Fide EFP/EFRP Transaction,cross_product,Cross-product / derivative / ETF / index manipulation,InstrumentRelationGrain,InstrumentRelationGrain;PositionGrain;InstrumentGrain;ParticipantInstrumentGrain;BenchmarkWindowGrain;RuleEvaluationWorkerGrain,ExecutionEvent;OrderEvent;PositionEvent;InstrumentRelationEvent;ReferencePriceEvent,Self / Related Beneficial Owner; Related-Account Graph; Time / Price / Quantity Matching,Rules; AI not required,Not required.
CASE-522,Prearranged Block-Trade Abuse,wash_matched,Wash / matched / self / circular trading,ParticipantInstrumentGrain,ParticipantInstrumentGrain;AccountGrain;BeneficialOwnerGrain;RelationshipGrain;CoordinationWindowGrain;RuleEvaluationWorkerGrain,ExecutionEvent;RelationshipEvent;AccountReference,Self / Related Beneficial Owner; Time / Price / Quantity Matching; Circular Transaction Graph,Rules; AI not required; ownership/reference data strongly improves detection,Optional later for unknown coordination clusters; not required for known-rule detection.
CASE-523,Block-Trade Front Running,front_run,Front running / trading ahead / client-order misuse,ClientOrderWindowGrain,ClientOrderWindowGrain;ParticipantInstrumentGrain;TraderGrain;AccountGrain;RoutingQualityGrain;RuleEvaluationWorkerGrain,ClientOrderEvent;ExecutionEvent;OrderEvent;RoutingDecisionEvent,Pre-Event Abnormal Trading; Time / Price / Quantity Matching; Price Impact,Rules + customer/order-source data; AI not required,Not required.
CASE-524,Delivery-Squeeze Manipulation,short_settlement,Short sale / borrow / settlement abuse,ShortSettlementGrain,ShortSettlementGrain;PositionGrain;ParticipantInstrumentGrain;AccountGrain;RuleEvaluationWorkerGrain,ShortSaleEvent;BorrowLocateEvent;SettlementEvent;ExecutionEvent;PositionEvent,Short / Borrow / Settlement Status; Position Concentration; Liquidity Concentration; Price Impact,Rules + borrow/locate/settlement data; AI not required,Not required.
CASE-525,Forced-Buy-In Manipulation,short_settlement,Short sale / borrow / settlement abuse,ShortSettlementGrain,ShortSettlementGrain;PositionGrain;ParticipantInstrumentGrain;AccountGrain;RuleEvaluationWorkerGrain,ShortSaleEvent;BorrowLocateEvent;SettlementEvent;ExecutionEvent;PositionEvent,Short / Borrow / Settlement Status; Position Concentration; Liquidity Concentration; Price Impact,Rules + borrow/locate/settlement data; AI not required,Not required.
CASE-526,Free-Float Corner,price_momentum,Price / momentum / tape manipulation,InstrumentGrain,InstrumentGrain;OrderBookGrain;ParticipantInstrumentGrain;PositionGrain;RuleEvaluationWorkerGrain,ExecutionEvent;OrderEvent;MarketStateEvent,Position Concentration; Liquidity Concentration; Price Impact,Rules; external promotion data may enrich pump/rumor variants,Not required for core detection.
CASE-527,Record-Date Squeeze,price_momentum,Price / momentum / tape manipulation,InstrumentGrain,InstrumentGrain;OrderBookGrain;ParticipantInstrumentGrain;PositionGrain;RuleEvaluationWorkerGrain,ExecutionEvent;OrderEvent;MarketStateEvent,Position Concentration; Liquidity Concentration; Price Impact,Rules; external promotion data may enrich pump/rumor variants,Not required for core detection.
CASE-528,Ex-Date Price Manipulation,price_momentum,Price / momentum / tape manipulation,InstrumentGrain,InstrumentGrain;OrderBookGrain;ParticipantInstrumentGrain;PositionGrain;RuleEvaluationWorkerGrain,ExecutionEvent;OrderEvent;MarketStateEvent,Price Impact; Volume Participation; Rapid Position Reversal; Pre-Event Abnormal Trading; Benchmark-Window Participation,Rules; external promotion data may enrich pump/rumor variants,Not required for core detection.
CASE-529,Options Exercise-Price Manipulation,cross_product,Cross-product / derivative / ETF / index manipulation,InstrumentRelationGrain,InstrumentRelationGrain;PositionGrain;InstrumentGrain;ParticipantInstrumentGrain;BenchmarkWindowGrain;RuleEvaluationWorkerGrain,ExecutionEvent;OrderEvent;PositionEvent;InstrumentRelationEvent;ReferencePriceEvent,Price Impact; Volume Participation; Rapid Position Reversal; Cross-Product Economic Benefit; Pre-Event Abnormal Trading,Rules; AI not required,Not required.
CASE-530,Pin-Risk Manipulation,cross_product,Cross-product / derivative / ETF / index manipulation,InstrumentRelationGrain,InstrumentRelationGrain;PositionGrain;InstrumentGrain;ParticipantInstrumentGrain;BenchmarkWindowGrain;RuleEvaluationWorkerGrain,ExecutionEvent;OrderEvent;PositionEvent;InstrumentRelationEvent;ReferencePriceEvent,Cross-Product Economic Benefit; Price Impact; Volume Participation; Pre-Event Abnormal Trading; Benchmark-Window Participation,Rules; AI not required,Not required.
CASE-531,Algorithm Gaming,probing_algo,Probing / algorithmic liquidity discovery abuse,OrderBookGrain,OrderBookGrain;ParticipantInstrumentGrain;InstrumentGrain;RuleEvaluationWorkerGrain,OrderEvent;ExecutionEvent;BookSnapshot,Order-Message Burst Rate; Order Lifetime; Cross-Venue Synchronization,Rules; AI/ML optional for adaptive algorithm patterns,Optional later for adaptive/novel algorithm patterns; core scenarios are rules.
CASE-532,Algorithmic Momentum Ignition,price_momentum,Price / momentum / tape manipulation,InstrumentGrain,InstrumentGrain;OrderBookGrain;ParticipantInstrumentGrain;PositionGrain;RuleEvaluationWorkerGrain,ExecutionEvent;OrderEvent;MarketStateEvent,Price Impact; Volume Participation; Rapid Position Reversal; Order-Message Burst Rate; Order Lifetime,Rules; external promotion data may enrich pump/rumor variants,Not required for core detection.
CASE-533,Microburst Momentum Ignition,message_abuse,Message-rate / stuffing / burst abuse,ParticipantInstrumentGrain,ParticipantInstrumentGrain;OrderBookGrain;TraderGrain;RuleEvaluationWorkerGrain,OrderEvent;OrderAckEvent;MarketPhaseEvent,Price Impact; Volume Participation; Rapid Position Reversal; Order-Message Burst Rate; Order Lifetime,Rules; AI not required,Not required.
CASE-534,Order-Anticipation Manipulation,probing_algo,Probing / algorithmic liquidity discovery abuse,OrderBookGrain,OrderBookGrain;ParticipantInstrumentGrain;InstrumentGrain;RuleEvaluationWorkerGrain,OrderEvent;ExecutionEvent;BookSnapshot,Order-Message Burst Rate; Order Lifetime; Cross-Venue Synchronization,Rules; AI/ML optional for adaptive algorithm patterns,Optional later for adaptive/novel algorithm patterns; core scenarios are rules.
CASE-535,Self-Trade-Prevention Gaming,coordination,Related-account / coordinated-group behavior,CoordinationWindowGrain,CoordinationWindowGrain;RelationshipGrain;AccountGrain;BeneficialOwnerGrain;ParticipantInstrumentGrain;RuleEvaluationWorkerGrain,ExecutionEvent;OrderEvent;RelationshipEvent;AccountReference,Self / Related Beneficial Owner; Time / Price / Quantity Matching; Circular Transaction Graph; Related-Account Graph; Order-Message Burst Rate,Rules + relationship/beneficial-owner data; AI/ML optional for unknown clusters,Optional later for discovering unknown clusters; known relationships remain deterministic.
CASE-536,Matching-Engine Stress Manipulation,message_abuse,Message-rate / stuffing / burst abuse,ParticipantInstrumentGrain,ParticipantInstrumentGrain;OrderBookGrain;TraderGrain;RuleEvaluationWorkerGrain,OrderEvent;OrderAckEvent;MarketPhaseEvent,Order-Message Burst Rate; Order Lifetime; Cross-Venue Synchronization,Rules; AI not required,Not required.
CASE-537,Cancel-Reenter Queue Monopolization,message_abuse,Message-rate / stuffing / burst abuse,ParticipantInstrumentGrain,ParticipantInstrumentGrain;OrderBookGrain;TraderGrain;RuleEvaluationWorkerGrain,OrderEvent;OrderAckEvent;MarketPhaseEvent,Order-Message Burst Rate; Order Lifetime; Cross-Venue Synchronization,Rules; AI not required,Not required.
CASE-538,Order-Type Exploitation Manipulation,probing_algo,Probing / algorithmic liquidity discovery abuse,OrderBookGrain,OrderBookGrain;ParticipantInstrumentGrain;InstrumentGrain;RuleEvaluationWorkerGrain,OrderEvent;ExecutionEvent;BookSnapshot,Displayed-Size Anomaly; Multi-Level Depth Pressure; Price Impact; Liquidity Concentration,Rules; AI/ML optional for adaptive algorithm patterns,Optional later for adaptive/novel algorithm patterns; core scenarios are rules.
CASE-539,Hidden-Liquidity Algorithm Probing,probing_algo,Probing / algorithmic liquidity discovery abuse,OrderBookGrain,OrderBookGrain;ParticipantInstrumentGrain;InstrumentGrain;RuleEvaluationWorkerGrain,OrderEvent;ExecutionEvent;BookSnapshot,Order-Message Burst Rate; Order Lifetime; Cross-Venue Synchronization,Rules; AI/ML optional for adaptive algorithm patterns,Optional later for adaptive/novel algorithm patterns; core scenarios are rules.
CASE-540,Cross-Venue Latency Manipulation,probing_algo,Probing / algorithmic liquidity discovery abuse,OrderBookGrain,OrderBookGrain;ParticipantInstrumentGrain;InstrumentGrain;RuleEvaluationWorkerGrain,OrderEvent;ExecutionEvent;BookSnapshot,Cross-Venue Synchronization; Related-Account Graph; Time / Price / Quantity Matching,Rules; AI/ML optional for adaptive algorithm patterns,Optional later for adaptive/novel algorithm patterns; core scenarios are rules.
